subject,contrast,variant,selection,n_class0,n_class1,accuracy,intervals_ms
VP001,2-back,paper,before_cv,180,107,0.841884236453202,220-280 175-215 855-950 345-385 405-425
VP001,2-back,paper,nested,180,107,0.8141502463054188,220-280 175-215 855-950 345-385 405-425
VP001,3-back,paper,before_cv,180,99,0.8451719576719576,350-390 195-270 80-95 400-410 275-295
VP001,3-back,paper,nested,180,99,0.8089285714285713,350-390 195-270 80-95 400-410 275-295
VP001,2-back T/NT,paper,before_cv,107,54,0.8311960784313724,870-890 235-310 920-960 505-520 315-340
VP001,2-back T/NT,paper,nested,107,54,0.7501789215686274,870-890 235-310 920-960 505-520 315-340
VP001,3-back T/NT,paper,before_cv,99,53,0.776875,240-275 475-495 180-190 310-345 975-985
VP001,3-back T/NT,paper,nested,99,53,0.743125,240-275 475-495 180-190 310-345 975-985
VP001,DSR,paper,before_cv,252,108,0.9013888888888889,140-160 320-470 200-230 165-170 475-485
VP001,DSR,paper,nested,252,108,0.8936111111111111,140-160 320-470 200-230 165-170 475-485
VP002,2-back,paper,before_cv,180,106,0.7940394088669951,270-295 240-265 875-915 360-395 220-235
VP002,2-back,paper,nested,180,106,0.7758866995073892,270-295 240-265 875-915 360-395 220-235
VP002,3-back,paper,before_cv,180,89,0.7786894586894586,250-290 615-645 895-905 870-890 365-380
VP002,3-back,paper,nested,180,89,0.7317948717948719,250-290 615-645 895-905 870-890 365-380
VP002,2-back T/NT,paper,before_cv,106,48,0.665625,330-395 400-425 475-500 315-325 430-435
VP002,2-back T/NT,paper,nested,106,48,0.6193333333333334,330-395 400-425 475-500 315-325 430-435
VP002,3-back T/NT,paper,before_cv,89,35,0.605448717948718,-95--95 130-145 225-240 -90--90 345-380
VP002,3-back T/NT,paper,nested,89,35,0.6008333333333333,-95--95 130-145 225-240 -90--90 345-380
VP002,DSR,paper,before_cv,252,108,0.8983333333333334,335-415 155-175 235-260 420-440 300-330
VP002,DSR,paper,nested,252,108,0.8955555555555555,335-415 155-175 235-260 420-440 300-330
VP003,2-back,paper,before_cv,180,94,0.8708730158730159,535-560 235-305 320-335 500-530 310-315
VP003,2-back,paper,nested,180,94,0.8581481481481482,535-560 235-305 320-335 500-530 310-315
VP003,3-back,paper,before_cv,180,85,0.8803703703703704,525-550 270-345 240-265 650-680 695-785
VP003,3-back,paper,nested,180,85,0.8707122507122508,525-550 270-345 240-265 650-680 695-785
VP003,2-back T/NT,paper,before_cv,94,39,0.7804395604395604,335-390 395-415 280-300 305-330 245-265
VP003,2-back T/NT,paper,nested,94,39,0.7666208791208792,335-390 395-415 280-300 305-330 245-265
VP003,3-back T/NT,paper,before_cv,85,36,0.7353787878787879,245-260 315-355 575-585 360-410 415-430
VP003,3-back T/NT,paper,nested,85,36,0.6532925407925407,245-260 315-355 575-585 360-410 415-430
VP003,DSR,paper,before_cv,252,108,0.9147222222222222,275-320 360-430 255-270 325-355 435-480
VP003,DSR,paper,nested,252,108,0.9141666666666666,275-320 360-430 255-270 325-355 435-480
VP004,2-back,paper,before_cv,180,105,0.852820197044335,165-350 130-160 370-455 355-365 485-715
VP004,2-back,paper,nested,180,105,0.843731527093596,165-350 130-160 370-455 355-365 485-715
VP004,3-back,paper,before_cv,180,96,0.887063492063492,240-350 880-985 475-610 615-665 360-450
VP004,3-back,paper,nested,180,96,0.8576190476190476,240-350 880-985 475-610 615-665 360-450
VP004,2-back T/NT,paper,before_cv,105,54,0.7010147058823529,295-375 55-90 -50--35 560-620 965-980
VP004,2-back T/NT,paper,nested,105,54,0.5989093137254902,295-375 55-90 -50--35 560-620 965-980
VP004,3-back T/NT,paper,before_cv,96,52,0.7264583333333333,295-370 240-290 395-425 375-385 95-110
VP004,3-back T/NT,paper,nested,96,52,0.7134464285714286,295-370 240-290 395-425 375-385 95-110
VP004,DSR,paper,before_cv,251,107,0.8375892320892323,270-325 250-265 415-485 395-410 235-245
VP004,DSR,paper,nested,251,107,0.8578803088803089,270-325 250-265 415-485 395-410 235-245
VP005,2-back,paper,before_cv,178,83,0.8123532763532765,575-585 340-355 305-320 275-290 490-515
VP005,2-back,paper,nested,178,83,0.7572313390313391,575-585 340-355 305-320 275-290 490-515
VP005,3-back,paper,before_cv,178,73,0.7413974358974358,575-625 500-510 270-285 -70--65 555-570
VP005,3-back,paper,nested,178,73,0.7214128205128205,575-625 500-510 270-285 -70--65 555-570
VP005,2-back T/NT,paper,before_cv,83,51,0.6256520146520146,250-260 285-300 770-780 690-710 580-585
VP005,2-back T/NT,paper,nested,83,51,0.5908608058608059,250-260 285-300 770-780 690-710 580-585
VP005,3-back T/NT,paper,before_cv,73,49,0.6657692307692308,-95--95 520-545 935-945 830-840 725-735
VP005,3-back T/NT,paper,nested,73,49,0.5378554778554779,-95--95 520-545 935-945 830-840 725-735
VP005,DSR,paper,before_cv,251,108,0.9266580866580869,260-305 390-480 235-255 310-335 880-910
VP005,DSR,paper,nested,251,108,0.9275064350064348,260-305 390-480 235-255 310-335 880-910
VP006,2-back,paper,before_cv,177,94,0.7313776963776965,305-445 175-255 890-940 500-515 260-270
VP006,2-back,paper,nested,177,94,0.6884747659747659,305-445 175-255 890-940 500-515 260-270
VP006,3-back,paper,before_cv,177,74,0.6816397435897436,375-460 685-705 595-680 515-540 465-490
VP006,3-back,paper,nested,177,74,0.6553807692307692,375-460 685-705 595-680 515-540 465-490
VP006,2-back T/NT,paper,before_cv,94,41,0.648021978021978,165-180 -10-5 285-290 600-615 335-355
VP006,2-back T/NT,paper,nested,94,41,0.5481868131868132,165-180 -10-5 285-290 600-615 335-355
VP006,3-back T/NT,paper,before_cv,74,42,0.613409090909091,340-360 -40--35 440-460 290-305 5-15
VP006,3-back T/NT,paper,nested,74,42,0.49916666666666654,340-360 -40--35 440-460 290-305 5-15
VP006,DSR,paper,before_cv,251,108,0.9137217932217933,395-550 220-280 285-320 855-945 195-215
VP006,DSR,paper,nested,251,108,0.9095383955383955,395-550 220-280 285-320 855-945 195-215
VP007,2-back,paper,before_cv,180,105,0.6949630541871921,250-320 325-340 230-245 1000-1000 730-750
VP007,2-back,paper,nested,180,105,0.6904679802955664,250-320 325-340 230-245 1000-1000 730-750
VP007,3-back,paper,before_cv,180,94,0.7460449735449736,275-320 230-270 965-995 325-365 130-155
VP007,3-back,paper,nested,180,94,0.7406481481481481,275-320 230-270 965-995 325-365 130-155
VP007,2-back T/NT,paper,before_cv,105,52,0.7535171568627451,215-275 280-315 320-335 375-415 170-185
VP007,2-back T/NT,paper,nested,105,52,0.7088848039215686,215-275 280-315 320-335 375-415 170-185
VP007,3-back T/NT,paper,before_cv,94,48,0.7168278388278388,225-290 845-870 515-530 305-325 765-790
VP007,3-back T/NT,paper,nested,94,48,0.6378937728937728,225-290 845-870 515-530 305-325 765-790
VP007,DSR,paper,before_cv,252,107,0.7439176319176319,220-250 210-215 255-270 415-450 395-410
VP007,DSR,paper,nested,252,107,0.7238256113256113,220-250 210-215 255-270 415-450 395-410
VP008,2-back,paper,before_cv,180,104,0.8599137931034482,275-325 230-270 445-495 385-405 330-345
VP008,2-back,paper,nested,180,104,0.8381650246305419,275-325 230-270 445-495 385-405 330-345
VP008,3-back,paper,before_cv,180,82,0.8107407407407408,230-310 895-920 825-855 440-515 190-220
VP008,3-back,paper,nested,180,82,0.7795584045584045,230-310 895-920 825-855 440-515 190-220
VP008,2-back T/NT,paper,before_cv,104,43,0.67775,385-435 595-625 320-335 530-565 570-580
VP008,2-back T/NT,paper,nested,104,43,0.6941130952380953,385-435 595-625 320-335 530-565 570-580
VP008,3-back T/NT,paper,before_cv,82,26,0.7146666666666668,300-320 255-270 770-775 345-355 650-700
VP008,3-back T/NT,paper,nested,82,26,0.6361212121212121,300-320 255-270 770-775 345-355 650-700
VP008,DSR,paper,before_cv,251,108,0.9120150150150149,360-430 495-630 925-1000 460-490 205-240
VP008,DSR,paper,nested,251,108,0.8947099957099957,360-430 495-630 925-1000 460-490 205-240
VP009,2-back,paper,before_cv,180,102,0.871564039408867,260-310 230-255 415-485 360-410 490-535
VP009,2-back,paper,nested,180,102,0.8587931034482758,260-310 230-255 415-485 360-410 490-535
VP009,3-back,paper,before_cv,180,84,0.81514245014245,825-905 280-295 420-475 245-275 370-400
VP009,3-back,paper,nested,180,84,0.7895014245014245,825-905 280-295 420-475 245-275 370-400
VP009,2-back T/NT,paper,before_cv,102,49,0.6724107142857142,580-615 640-655 540-575 380-405 430-440
VP009,2-back T/NT,paper,nested,102,49,0.6217380952380952,580-615 640-655 540-575 380-405 430-440
VP009,3-back T/NT,paper,before_cv,84,43,0.647893772893773,860-875 730-750 535-560 225-240 135-210
VP009,3-back T/NT,paper,nested,84,43,0.571602564102564,860-875 730-750 535-560 225-240 135-210
VP009,DSR,paper,before_cv,251,108,0.9178120978120978,335-490 215-265 740-805 495-560 885-990
VP009,DSR,paper,nested,251,108,0.9155669240669241,335-490 215-265 740-805 495-560 885-990
VP010,2-back,paper,before_cv,179,103,0.6902654625068418,410-440 285-290 305-310 330-360 265-270
VP010,2-back,paper,nested,179,103,0.6817090859332239,410-440 285-290 305-310 330-360 265-270
VP010,3-back,paper,before_cv,179,92,0.7303805453805454,875-905 280-325 975-995 625-635 865-870
VP010,3-back,paper,nested,179,92,0.7085429385429386,875-905 280-325 975-995 625-635 865-870
VP010,2-back T/NT,paper,before_cv,103,53,0.6260833333333333,485-495 255-320 740-760 450-465 855-890
VP010,2-back T/NT,paper,nested,103,53,0.575703431372549,485-495 255-320 740-760 450-465 855-890
VP010,3-back T/NT,paper,before_cv,92,44,0.6173076923076923,320-365 260-295 465-495 520-540 245-255
VP010,3-back T/NT,paper,nested,92,44,0.5394505494505495,320-365 260-295 465-495 520-540 245-255
VP010,DSR,paper,before_cv,252,108,0.8752777777777776,415-485 345-400 210-260 490-515 405-410
VP010,DSR,paper,nested,252,108,0.8738888888888889,415-485 345-400 210-260 490-515 405-410
VP011,2-back,paper,before_cv,180,105,0.631564039408867,705-730 225-230 845-855 765-775 185-190
VP011,2-back,paper,nested,180,105,0.571576354679803,705-730 225-230 845-855 765-775 185-190
VP011,3-back,paper,before_cv,180,95,0.6436375661375662,195-210 1000-1000 415-460 875-905 50-90
VP011,3-back,paper,nested,180,95,0.5393783068783069,195-210 1000-1000 415-460 875-905 50-90
VP011,2-back T/NT,paper,before_cv,105,53,0.609296568627451,780-790 475-485 180-195 250-290 610-620
VP011,2-back T/NT,paper,nested,105,53,0.5358014705882354,780-790 475-485 180-195 250-290 610-620
VP011,3-back T/NT,paper,before_cv,95,35,0.6678571428571429,490-505 870-895 200-215 975-985 940-960
VP011,3-back T/NT,paper,nested,95,35,0.5861904761904762,490-505 870-895 200-215 975-985 940-960
VP011,DSR,paper,before_cv,250,108,0.6899285714285714,245-285 415-430 575-585 435-450 295-325
VP011,DSR,paper,nested,250,108,0.6315158730158731,245-285 415-430 575-585 435-450 295-325
VP012,2-back,paper,before_cv,169,78,0.7078833333333334,340-360 295-330 950-960 780-785 220-290
VP012,2-back,paper,nested,169,78,0.6816,340-360 295-330 950-960 780-785 220-290
VP012,3-back,paper,before_cv,169,66,0.6832971014492754,900-925 315-360 -30--25 650-655 775-785
VP012,3-back,paper,nested,169,66,0.6236594202898551,900-925 315-360 -30--25 650-655 775-785
VP012,2-back T/NT,paper,before_cv,78,32,0.6572727272727273,690-700 630-645 210-220 890-905 590-600
VP012,2-back T/NT,paper,nested,78,32,0.5399999999999999,690-700 630-645 210-220 890-905 590-600
VP012,3-back T/NT,paper,before_cv,66,18,0.7184722222222222,-80--80 530-530 430-430 320-325 910-910
VP012,3-back T/NT,paper,nested,66,18,0.6306944444444443,-80--80 530-530 430-430 320-325 910-910
VP012,DSR,paper,before_cv,243,107,0.8663468720821662,155-180 225-280 365-380 695-720 130-150
VP012,DSR,paper,nested,243,107,0.8495672268907564,155-180 225-280 365-380 695-720 130-150
VP013,2-back,paper,before_cv,178,102,0.8028571428571428,350-370 970-980 335-345 315-330 275-305
VP013,2-back,paper,nested,178,102,0.6903571428571429,350-370 970-980 335-345 315-330 275-305
VP013,3-back,paper,before_cv,178,90,0.7434472934472935,190-225 490-510 315-325 275-280 515-520
VP013,3-back,paper,nested,178,90,0.6860256410256411,190-225 490-510 315-325 275-280 515-520
VP013,2-back T/NT,paper,before_cv,102,43,0.6258095238095238,850-865 755-765 420-430 65-75 -80--65
VP013,2-back T/NT,paper,nested,102,43,0.5752857142857142,850-865 755-765 420-430 65-75 -80--65
VP013,3-back T/NT,paper,before_cv,90,39,0.6212179487179488,900-910 835-845 570-580 -25--5 630-640
VP013,3-back T/NT,paper,nested,90,39,0.5325641025641026,900-910 835-845 570-580 -25--5 630-640
VP013,DSR,paper,before_cv,247,107,0.7758496732026143,240-285 290-310 480-540 420-450 545-585
VP013,DSR,paper,nested,247,107,0.7590522875816993,240-285 290-310 480-540 420-450 545-585
VP014,2-back,paper,before_cv,180,103,0.8824014778325122,215-240 925-970 255-305 720-810 375-460
VP014,2-back,paper,nested,180,103,0.8761206896551725,215-240 925-970 255-305 720-810 375-460
VP014,3-back,paper,before_cv,180,87,0.8713960113960113,905-995 225-315 855-900 720-825 180-220
VP014,3-back,paper,nested,180,87,0.8308689458689459,905-995 225-315 855-900 720-825 180-220
VP014,2-back T/NT,paper,before_cv,103,49,0.6086250000000001,790-805 720-750 170-200 480-495 810-835
VP014,2-back T/NT,paper,nested,103,49,0.586375,790-805 720-750 170-200 480-495 810-835
VP014,3-back T/NT,paper,before_cv,87,38,0.6717948717948719,-20--15 180-235 -50--45 110-135 -90--85
VP014,3-back T/NT,paper,nested,87,38,0.6329487179487179,-20--15 180-235 -50--45 110-135 -90--85
VP014,DSR,paper,before_cv,252,107,0.9463144573144573,220-250 255-290 200-215 295-415 420-440
VP014,DSR,paper,nested,252,107,0.9446544401544402,220-250 255-290 200-215 295-415 420-440
VP015,2-back,paper,before_cv,167,105,0.6262271062271063,685-730 170-190 665-680 945-965 615-635
VP015,2-back,paper,nested,167,105,0.5855067155067155,685-730 170-190 665-680 945-965 615-635
VP015,3-back,paper,before_cv,167,92,0.6834148148148148,700-730 120-145 165-180 615-640 685-695
VP015,3-back,paper,nested,167,92,0.6608666666666666,700-730 120-145 165-180 615-640 685-695
VP015,2-back T/NT,paper,before_cv,105,48,0.597125,75-105 0-15 695-715 630-650 390-400
VP015,2-back T/NT,paper,nested,105,48,0.5002976190476189,75-105 0-15 695-715 630-650 390-400
VP015,3-back T/NT,paper,before_cv,92,45,0.6146776556776558,735-745 670-715 500-515 340-405 25-35
VP015,3-back T/NT,paper,nested,92,45,0.5806153846153846,735-745 670-715 500-515 340-405 25-35
VP015,DSR,paper,before_cv,252,103,0.8411666666666667,215-260 170-185 150-165 330-365 265-270
VP015,DSR,paper,nested,252,103,0.8378095238095238,215-260 170-185 150-165 330-365 265-270
VP016,2-back,paper,before_cv,180,105,0.8475985221674878,400-500 380-395 860-910 280-345 350-375
VP016,2-back,paper,nested,180,105,0.8669211822660099,400-500 380-395 860-910 280-345 350-375
VP016,3-back,paper,before_cv,180,92,0.8684920634920635,450-510 310-365 260-305 385-445 925-970
VP016,3-back,paper,nested,180,92,0.8446031746031746,450-510 310-365 260-305 385-445 925-970
VP016,2-back T/NT,paper,before_cv,105,46,0.6649166666666666,485-560 -70--60 260-280 455-480 575-585
VP016,2-back T/NT,paper,nested,105,46,0.5798571428571428,485-560 -70--60 260-280 455-480 575-585
VP016,3-back T/NT,paper,before_cv,92,36,0.6915842490842492,485-525 460-480 725-740 980-995 550-605
VP016,3-back T/NT,paper,nested,92,36,0.6049084249084249,485-525 460-480 725-740 980-995 550-605
VP016,DSR,paper,before_cv,252,108,0.8930555555555555,325-405 410-445 160-185 450-465 215-265
VP016,DSR,paper,nested,252,108,0.8838888888888888,325-405 410-445 160-185 450-465 215-265
VP017,2-back,paper,before_cv,178,105,0.8232302499543879,205-275 380-455 280-310 830-860 320-365
VP017,2-back,paper,nested,178,105,0.7998002189381499,205-275 380-455 280-310 830-860 320-365
VP017,3-back,paper,before_cv,178,95,0.8007091982091982,230-275 280-305 645-720 385-410 195-225
VP017,3-back,paper,nested,178,95,0.7656674806674806,230-275 280-305 645-720 385-410 195-225
VP017,2-back T/NT,paper,before_cv,105,48,0.7204166666666666,230-285 155-175 555-610 450-495 375-410
VP017,2-back T/NT,paper,nested,105,48,0.6335119047619048,230-285 155-175 555-610 450-495 375-410
VP017,3-back T/NT,paper,before_cv,95,45,0.635,590-615 240-285 -35--25 -5-10 550-580
VP017,3-back T/NT,paper,nested,95,45,0.6085714285714284,590-615 240-285 -35--25 -5-10 550-580
VP017,DSR,paper,before_cv,252,108,0.8969444444444443,335-400 480-535 260-330 405-420 540-615
VP017,DSR,paper,nested,252,108,0.8875,335-400 480-535 260-330 405-420 540-615
VP018,2-back,paper,before_cv,177,100,0.7445238095238096,300-390 395-430 290-295 250-285 435-480
VP018,2-back,paper,nested,177,100,0.7434523809523809,300-390 395-430 290-295 250-285 435-480
VP018,3-back,paper,before_cv,177,82,0.6237880341880342,355-385 290-340 275-285 435-480 345-350
VP018,3-back,paper,nested,177,82,0.6198689458689459,355-385 290-340 275-285 435-480 345-350
VP018,2-back T/NT,paper,before_cv,100,51,0.6833333333333333,240-270 375-400 275-285 220-235 335-350
VP018,2-back T/NT,paper,nested,100,51,0.6745833333333333,240-270 375-400 275-285 220-235 335-350
VP018,3-back T/NT,paper,before_cv,82,39,0.6416841491841493,-95--80 265-280 -55--35 605-615 -75--75
VP018,3-back T/NT,paper,nested,82,39,0.5662412587412587,-95--80 265-280 -55--35 605-615 -75--75
VP018,DSR,paper,before_cv,249,106,0.8029682539682541,360-405 570-610 215-245 275-295 155-190
VP018,DSR,paper,nested,249,106,0.7913650793650795,360-405 570-610 215-245 275-295 155-190
VP019,2-back,paper,before_cv,176,98,0.7271825396825398,945-980 870-885 565-595 300-365 905-940
VP019,2-back,paper,nested,176,98,0.726084656084656,945-980 870-885 565-595 300-365 905-940
VP019,3-back,paper,before_cv,176,81,0.6720683760683761,940-975 305-335 340-355 880-895 295-300
VP019,3-back,paper,nested,176,81,0.6312792022792022,940-975 305-335 340-355 880-895 295-300
VP019,2-back T/NT,paper,before_cv,98,33,0.6640018315018316,245-305 355-365 750-785 -65--60 335-350
VP019,2-back T/NT,paper,nested,98,33,0.6262820512820513,245-305 355-365 750-785 -65--60 335-350
VP019,3-back T/NT,paper,before_cv,81,32,0.6550757575757575,310-370 265-305 550-560 590-595 -85--70
VP019,3-back T/NT,paper,nested,81,32,0.5625,310-370 265-305 550-560 590-595 -85--70
VP019,DSR,paper,before_cv,251,107,0.9295519090519091,510-595 155-180 485-505 265-350 360-450
VP019,DSR,paper,nested,251,107,0.9268504933504932,510-595 155-180 485-505 265-350 360-450
VP020,2-back,paper,before_cv,180,105,0.7412561576354679,300-365 570-590 210-260 395-410 370-390
VP020,2-back,paper,nested,180,105,0.7297660098522167,300-365 570-590 210-260 395-410 370-390
VP020,3-back,paper,before_cv,180,93,0.7195502645502645,295-365 390-410 375-385 170-195 415-445
VP020,3-back,paper,nested,180,93,0.7103439153439155,295-365 390-410 375-385 170-195 415-445
VP020,2-back T/NT,paper,before_cv,105,47,0.6307142857142858,55-70 685-700 600-615 570-585 465-490
VP020,2-back T/NT,paper,nested,105,47,0.5401666666666667,55-70 685-700 600-615 570-585 465-490
VP020,3-back T/NT,paper,before_cv,93,36,0.5977106227106227,535-550 350-365 920-940 185-270 455-470
VP020,3-back T/NT,paper,nested,93,36,0.5647802197802197,535-550 350-365 920-940 185-270 455-470
VP020,DSR,paper,before_cv,251,107,0.7663691548691548,250-305 325-340 380-420 470-515 425-440
VP020,DSR,paper,nested,251,107,0.7315791505791507,250-305 325-340 380-420 470-515 425-440
VP021,2-back,paper,before_cv,180,107,0.7860098522167487,260-300 305-355 425-480 600-615 240-255
VP021,2-back,paper,nested,180,107,0.7719950738916255,260-300 305-355 425-480 600-615 240-255
VP021,3-back,paper,before_cv,180,92,0.7237698412698412,260-310 630-650 -10-10 670-690 715-735
VP021,3-back,paper,nested,180,92,0.7188095238095238,260-310 630-650 -10-10 670-690 715-735
VP021,2-back T/NT,paper,before_cv,107,52,0.7263651960784314,270-315 545-565 720-800 715-715 320-375
VP021,2-back T/NT,paper,nested,107,52,0.6705245098039215,270-315 545-565 720-800 715-715 320-375
VP021,3-back T/NT,paper,before_cv,92,43,0.6633516483516485,-45--30 870-885 -5-10 730-745 250-255
VP021,3-back T/NT,paper,nested,92,43,0.5829670329670329,-45--30 870-885 -5-10 730-745 250-255
VP021,DSR,paper,before_cv,251,108,0.9097168597168597,230-270 150-185 480-525 325-405 210-225
VP021,DSR,paper,nested,251,108,0.9102260832260832,230-270 150-185 480-525 325-405 210-225
VP022,2-back,paper,before_cv,178,106,0.8648152709359607,210-220 370-440 310-330 725-745 225-265
VP022,2-back,paper,nested,178,106,0.8407512315270937,210-220 370-440 310-330 725-745 225-265
VP022,3-back,paper,before_cv,178,91,0.7920848595848595,345-380 200-245 385-405 295-340 170-185
VP022,3-back,paper,nested,178,91,0.7715689865689865,345-380 200-245 385-405 295-340 170-185
VP022,2-back T/NT,paper,before_cv,106,52,0.7587671568627451,550-565 260-290 230-250 880-890 -55--45
VP022,2-back T/NT,paper,nested,106,52,0.7053088235294117,550-565 260-290 230-250 880-890 -55--45
VP022,3-back T/NT,paper,before_cv,91,44,0.697967032967033,165-175 235-255 280-290 830-860 -60--55
VP022,3-back T/NT,paper,nested,91,44,0.6077472527472528,165-175 235-255 280-290 830-860 -60--55
VP022,DSR,paper,before_cv,252,108,0.8527777777777776,220-250 255-300 205-215 170-195 870-885
VP022,DSR,paper,nested,252,108,0.8622222222222222,220-250 255-300 205-215 170-195 870-885
VP023,2-back,paper,before_cv,179,95,0.8201241351241352,240-275 280-330 880-895 945-995 225-235
VP023,2-back,paper,nested,179,95,0.785471102971103,240-275 280-330 880-895 945-995 225-235
VP023,3-back,paper,before_cv,179,84,0.8171817663817664,245-275 290-340 965-980 280-285 800-830
VP023,3-back,paper,nested,179,84,0.7979071225071226,245-275 290-340 965-980 280-285 800-830
VP023,2-back T/NT,paper,before_cv,95,47,0.7913846153846154,280-320 715-740 325-365 850-870 0-5
VP023,2-back T/NT,paper,nested,95,47,0.6624871794871795,280-320 715-740 325-365 850-870 0-5
VP023,3-back T/NT,paper,before_cv,84,33,0.7638869463869463,335-375 300-315 800-810 320-325 650-665
VP023,3-back T/NT,paper,nested,84,33,0.6392307692307693,335-375 300-315 800-810 320-325 650-665
VP023,DSR,paper,before_cv,252,107,0.8796572286572287,170-200 235-270 360-405 410-445 300-345
VP023,DSR,paper,nested,252,107,0.864428356928357,170-200 235-270 360-405 410-445 300-345
VP024,2-back,paper,before_cv,180,101,0.6749137931034485,275-295 870-875 720-730 240-255 300-305
VP024,2-back,paper,nested,180,101,0.6551600985221675,275-295 870-875 720-730 240-255 300-305
VP024,3-back,paper,before_cv,180,88,0.7400427350427351,355-370 -90--85 310-330 270-285 450-465
VP024,3-back,paper,nested,180,88,0.657977207977208,355-370 -90--85 310-330 270-285 450-465
VP024,2-back T/NT,paper,before_cv,101,49,0.6271607142857143,865-875 285-295 475-485 765-770 320-330
VP024,2-back T/NT,paper,nested,101,49,0.5272202380952382,865-875 285-295 475-485 765-770 320-330
VP024,3-back T/NT,paper,before_cv,88,36,0.6644871794871795,735-750 320-335 -25--20 -5--5 620-630
VP024,3-back T/NT,paper,nested,88,36,0.5651282051282052,735-750 320-335 -25--20 -5--5 620-630
VP024,DSR,paper,before_cv,252,108,0.8869444444444443,240-280 430-450 285-320 455-475 385-415
VP024,DSR,paper,nested,252,108,0.8813888888888888,240-280 430-450 285-320 455-475 385-415
VP025,2-back,paper,before_cv,179,102,0.7518158182813355,330-355 475-530 260-300 305-315 750-785
VP025,2-back,paper,nested,179,102,0.732057562488597,330-355 475-530 260-300 305-315 750-785
VP025,3-back,paper,before_cv,179,90,0.7680056980056981,255-325 330-355 360-390 955-1000 550-585
VP025,3-back,paper,nested,179,90,0.7556980056980057,255-325 330-355 360-390 955-1000 550-585
VP025,2-back T/NT,paper,before_cv,102,49,0.7447261904761905,360-410 640-660 240-280 590-630 685-700
VP025,2-back T/NT,paper,nested,102,49,0.7633630952380953,360-410 640-660 240-280 590-630 685-700
VP025,3-back T/NT,paper,before_cv,90,38,0.7208974358974359,230-250 340-355 440-480 255-270 360-370
VP025,3-back T/NT,paper,nested,90,38,0.6615384615384615,230-250 340-355 440-480 255-270 360-370
VP025,DSR,paper,before_cv,252,107,0.8917945087945089,220-265 335-395 400-415 215-215 610-640
VP025,DSR,paper,nested,252,107,0.8808712998712999,220-265 335-395 400-415 215-215 610-640
VP026,2-back,paper,before_cv,177,106,0.7419147965699691,285-355 810-845 595-605 945-970 905-930
VP026,2-back,paper,nested,177,106,0.722693851486955,285-355 810-845 595-605 945-970 905-930
VP026,3-back,paper,before_cv,177,92,0.7266218966218967,305-345 555-580 585-600 800-850 250-265
VP026,3-back,paper,nested,177,92,0.6718111518111518,305-345 555-580 585-600 800-850 250-265
VP026,2-back T/NT,paper,before_cv,106,54,0.725,320-405 600-610 115-125 215-230 615-615
VP026,2-back T/NT,paper,nested,106,54,0.675,320-405 600-610 115-125 215-230 615-615
VP026,3-back T/NT,paper,before_cv,92,47,0.6664102564102564,930-950 325-340 920-925 955-960 140-155
VP026,3-back T/NT,paper,nested,92,47,0.5917509157509157,930-950 325-340 920-925 955-960 140-155
VP026,DSR,paper,before_cv,252,107,0.9073324753324753,250-290 305-355 485-600 295-300 615-655
VP026,DSR,paper,nested,252,107,0.8950407550407551,250-290 305-355 485-600 295-300 615-655
VP001,2-back,released,before_cv,180,107,0.6969704433497538,910-1000 620-750 885-905 -20--20 540-615
VP001,2-back,released,nested,180,107,0.6777339901477833,910-1000 620-750 885-905 -20--20 540-615
VP001,3-back,released,before_cv,180,99,0.6483068783068784,1000-1000 965-995 40-40 -50--50 920-960
VP001,3-back,released,nested,180,99,0.6393783068783069,1000-1000 965-995 40-40 -50--50 920-960
VP001,2-back T/NT,released,before_cv,107,54,0.7339142156862745,-105--105 235-240 300-300 115-115 250-285
VP001,2-back T/NT,released,nested,107,54,0.6764950980392157,-105--105 235-240 300-300 115-115 250-285
VP001,3-back T/NT,released,before_cv,99,53,0.6595000000000001,-125--115 -110--110 -80--80 5-10 605-920
VP001,3-back T/NT,released,nested,99,53,0.55675,-125--115 -110--110 -80--80 5-10 605-920
VP001,DSR,released,before_cv,252,108,0.8858333333333333,305-475 140-165 265-300 480-500 195-260
VP001,DSR,released,nested,252,108,0.8752777777777776,305-475 140-165 265-300 480-500 195-260
VP002,2-back,released,before_cv,180,106,0.8524753694581282,805-960 525-665 965-1000 265-295 790-800
VP002,2-back,released,nested,180,106,0.846551724137931,805-960 525-665 965-1000 265-295 790-800
VP002,3-back,released,before_cv,180,89,0.7966666666666666,790-995 255-290 1000-1000 765-785 235-250
VP002,3-back,released,nested,180,89,0.8055555555555556,790-995 255-290 1000-1000 765-785 235-250
VP002,2-back T/NT,released,before_cv,106,48,0.7661666666666666,405-440 325-400 275-295 1000-1000 950-995
VP002,2-back T/NT,released,nested,106,48,0.7039166666666665,405-440 325-400 275-295 1000-1000 950-995
VP002,3-back T/NT,released,before_cv,89,35,0.7121153846153846,340-385 430-460 270-310 235-245 525-545
VP002,3-back T/NT,released,nested,89,35,0.6885256410256411,340-385 430-460 270-310 235-245 525-545
VP002,DSR,released,before_cv,252,108,0.9088888888888889,330-430 435-555 790-975 300-325 560-600
VP002,DSR,released,nested,252,108,0.915,330-430 435-555 790-975 300-325 560-600
VP003,2-back,released,before_cv,180,94,0.8457010582010582,815-1000 230-310 645-810 505-625 325-460
VP003,2-back,released,nested,180,94,0.8324470899470899,815-1000 230-310 645-810 505-625 325-460
VP003,3-back,released,before_cv,180,85,0.7985185185185186,785-1000 375-435 260-290 675-780 295-320
VP003,3-back,released,nested,180,85,0.8007264957264957,785-1000 375-435 260-290 675-780 295-320
VP003,2-back T/NT,released,before_cv,94,39,0.7253937728937727,305-410 415-430 280-300 -35--35 230-245
VP003,2-back T/NT,released,nested,94,39,0.6966300366300366,305-410 415-430 280-300 -35--35 230-245
VP003,3-back T/NT,released,before_cv,85,36,0.6451340326340327,-90--80 300-300 305-340 170-190 260-295
VP003,3-back T/NT,released,nested,85,36,0.5325641025641026,-90--80 300-300 305-340 170-190 260-295
VP003,DSR,released,before_cv,252,108,0.8813888888888888,295-320 375-470 255-290 325-370 780-895
VP003,DSR,released,nested,252,108,0.8783333333333333,295-320 375-470 255-290 325-370 780-895
VP004,2-back,released,before_cv,180,105,0.6955295566502463,-195--70 -30-390 395-1000 -65--60 -35--35
VP004,2-back,released,nested,180,105,0.7000246305418718,-195--70 -30-390 395-1000 -65--60 -35--35
VP004,3-back,released,before_cv,180,96,0.6877777777777778,-195--75 -25-720 725-1000 -35--30 -70--60
VP004,3-back,released,nested,180,96,0.6922089947089948,-195--75 -25-720 725-1000 -35--30 -70--60
VP004,2-back T/NT,released,before_cv,105,54,0.6313455882352942,-45--40 -60--55 -80--80 -50--50 -30--30
VP004,2-back T/NT,released,nested,105,54,0.5784803921568628,-45--40 -60--55 -80--80 -50--50 -30--30
VP004,3-back T/NT,released,before_cv,96,52,0.5695535714285714,-35--20 -65--60 15-915 -195--75 -15--10
VP004,3-back T/NT,released,nested,96,52,0.5258273809523809,-35--20 -65--60 15-915 -195--75 -15--10
VP004,DSR,released,before_cv,251,107,0.8619969969969971,395-485 275-315 185-210 245-270 490-520
VP004,DSR,released,nested,251,107,0.8603590733590734,395-485 275-315 185-210 245-270 490-520
VP005,2-back,released,before_cv,178,83,0.8095065527065527,275-345 440-525 575-585 420-435 535-570
VP005,2-back,released,nested,178,83,0.8097977207977207,275-345 440-525 575-585 420-435 535-570
VP005,3-back,released,before_cv,178,73,0.7997705128205129,275-355 415-540 360-375 545-585 595-630
VP005,3-back,released,nested,178,73,0.7940730769230769,275-355 415-540 360-375 545-585 595-630
VP005,2-back T/NT,released,before_cv,83,51,0.6823846153846154,-75--75 -180--180 -170--160 5-5 730-735
VP005,2-back T/NT,released,nested,83,51,0.5475897435897437,-75--75 -180--180 -170--160 5-5 730-735
VP005,3-back T/NT,released,before_cv,73,49,0.6469172494172494,520-545 560-565 -105--95 -85--85 40-40
VP005,3-back T/NT,released,nested,73,49,0.5592016317016315,520-545 560-565 -105--95 -85--85 40-40
VP005,DSR,released,before_cv,251,108,0.9021591591591591,260-300 385-495 330-345 350-375 240-255
VP005,DSR,released,nested,251,108,0.9119311454311454,260-300 385-495 330-345 350-375 240-255
VP006,2-back,released,before_cv,177,94,0.7021967846967848,335-500 900-1000 -115--115 505-680 -100--95
VP006,2-back,released,nested,177,94,0.6747822547822547,335-500 900-1000 -115--115 505-680 -100--95
VP006,3-back,released,before_cv,177,74,0.7295064102564103,905-1000 515-705 345-500 265-270 825-900
VP006,3-back,released,nested,177,74,0.7028179487179487,905-1000 515-705 345-500 265-270 825-900
VP006,2-back T/NT,released,before_cv,94,41,0.621043956043956,300-410 500-540 570-580 165-180 -15--15
VP006,2-back T/NT,released,nested,94,41,0.5322527472527472,300-410 500-540 570-580 165-180 -15--15
VP006,3-back T/NT,released,before_cv,74,42,0.566969696969697,365-415 345-355 265-340 -195--185 440-480
VP006,3-back T/NT,released,nested,74,42,0.5068939393939395,365-415 345-355 265-340 -195--185 440-480
VP006,DSR,released,before_cv,251,108,0.863958386958387,370-550 800-1000 555-635 335-365 785-795
VP006,DSR,released,nested,251,108,0.8580690690690691,370-550 800-1000 555-635 335-365 785-795
VP007,2-back,released,before_cv,180,105,0.748423645320197,250-315 225-245 320-340 385-410 790-865
VP007,2-back,released,nested,180,105,0.7127586206896551,250-315 225-245 320-340 385-410 790-865
VP007,3-back,released,before_cv,180,94,0.733994708994709,275-305 235-265 310-325 800-900 395-415
VP007,3-back,released,nested,180,94,0.7013756613756613,275-305 235-265 310-325 800-900 395-415
VP007,2-back T/NT,released,before_cv,105,52,0.7820343137254901,375-385 215-245 250-260 305-345 265-270
VP007,2-back T/NT,released,nested,105,52,0.7076200980392159,375-385 215-245 250-260 305-345 265-270
VP007,3-back T/NT,released,before_cv,94,48,0.6099487179487179,225-285 -60--60 -40--40 215-220 10-25
VP007,3-back T/NT,released,nested,94,48,0.5823406593406594,225-285 -60--60 -40--40 215-220 10-25
VP007,DSR,released,before_cv,252,107,0.7384397254397255,215-245 -40--40 170-175 -50--45 940-980
VP007,DSR,released,nested,252,107,0.6966921921921923,215-245 -40--40 170-175 -50--45 940-980
VP008,2-back,released,before_cv,180,104,0.7538177339901477,1000-1000 945-995 915-940 280-290 295-330
VP008,2-back,released,nested,180,104,0.7651600985221675,1000-1000 945-995 915-940 280-290 295-330
VP008,3-back,released,before_cv,180,82,0.7967236467236467,730-1000 270-335 340-405 240-265 685-725
VP008,3-back,released,nested,180,82,0.7813960113960114,730-1000 270-335 340-405 240-265 685-725
VP008,2-back T/NT,released,before_cv,104,43,0.7107619047619047,340-345 320-335 935-945 285-315 375-435
VP008,2-back T/NT,released,nested,104,43,0.7060119047619049,340-345 320-335 935-945 285-315 375-435
VP008,3-back T/NT,released,before_cv,82,26,0.7156515151515151,-15--15 -5--5 280-280 -55--55 410-420
VP008,3-back T/NT,released,nested,82,26,0.6062424242424244,-15--15 -5--5 280-280 -55--55 410-420
VP008,DSR,released,before_cv,251,108,0.9106031746031746,840-1000 345-695 300-340 815-835 700-740
VP008,DSR,released,nested,251,108,0.913097812097812,840-1000 345-695 300-340 815-835 700-740
VP009,2-back,released,before_cv,180,102,0.8741256157635469,450-490 240-270 495-520 750-760 525-640
VP009,2-back,released,nested,180,102,0.858115763546798,450-490 240-270 495-520 750-760 525-640
VP009,3-back,released,before_cv,180,84,0.7923361823361824,805-910 555-660 915-945 330-375 385-400
VP009,3-back,released,nested,180,84,0.7887037037037037,805-910 555-660 915-945 330-375 385-400
VP009,2-back T/NT,released,before_cv,102,49,0.6407559523809523,335-400 580-605 535-575 300-330 430-445
VP009,2-back T/NT,released,nested,102,49,0.6281309523809523,335-400 580-605 535-575 300-330 430-445
VP009,3-back T/NT,released,before_cv,84,43,0.6319505494505495,530-555 -55--55 560-570 125-125 460-525
VP009,3-back T/NT,released,nested,84,43,0.5873717948717949,530-555 -55--55 560-570 125-125 460-525
VP009,DSR,released,before_cv,251,108,0.9317198627198628,390-600 330-385 605-640 795-950 645-670
VP009,DSR,released,nested,251,108,0.9323146718146719,390-600 330-385 605-640 795-950 645-670
VP010,2-back,released,before_cv,179,103,0.6534491881043605,890-1000 780-795 825-850 855-885 695-700
VP010,2-back,released,nested,179,103,0.6217898193760263,890-1000 780-795 825-850 855-885 695-700
VP010,3-back,released,before_cv,179,92,0.7070238095238095,780-1000 635-775 295-305 625-630 320-345
VP010,3-back,released,nested,179,92,0.6898850223850224,780-1000 635-775 295-305 625-630 320-345
VP010,2-back T/NT,released,before_cv,103,53,0.6302524509803922,250-320 880-945 -145--145 235-245 455-465
VP010,2-back T/NT,released,nested,103,53,0.5613357843137254,250-320 880-945 -145--145 235-245 455-465
VP010,3-back T/NT,released,before_cv,92,44,0.6328571428571429,250-300 315-375 410-440 795-880 445-490
VP010,3-back T/NT,released,nested,92,44,0.5805494505494506,250-300 315-375 410-440 795-880 445-490
VP010,DSR,released,before_cv,252,108,0.7961111111111111,390-795 345-385 800-825 145-170 285-340
VP010,DSR,released,nested,252,108,0.7791666666666667,390-795 345-385 800-825 145-170 285-340
VP011,2-back,released,before_cv,180,105,0.6476477832512315,875-885 955-965 935-945 975-980 915-925
VP011,2-back,released,nested,180,105,0.6417487684729065,875-885 955-965 935-945 975-980 915-925
VP011,3-back,released,before_cv,180,95,0.6429497354497354,855-965 835-850 970-1000 820-830 540-540
VP011,3-back,released,nested,180,95,0.6544973544973546,855-965 835-850 970-1000 820-830 540-540
VP011,2-back T/NT,released,before_cv,105,53,0.6287867647058822,140-140 895-905 855-865 260-290 180-195
VP011,2-back T/NT,released,nested,105,53,0.5760686274509805,140-140 895-905 855-865 260-290 180-195
VP011,3-back T/NT,released,before_cv,95,35,0.6014285714285714,1000-1000 520-545 900-995 500-500 775-780
VP011,3-back T/NT,released,nested,95,35,0.5310714285714286,1000-1000 520-545 900-995 500-500 775-780
VP011,DSR,released,before_cv,250,108,0.7466666666666667,445-530 610-665 415-440 540-580 585-605
VP011,DSR,released,nested,250,108,0.7315158730158731,445-530 610-665 415-440 540-580 585-605
VP012,2-back,released,before_cv,169,78,0.7251833333333332,340-370 295-310 615-655 760-785 315-335
VP012,2-back,released,nested,169,78,0.7201166666666666,340-370 295-310 615-655 760-785 315-335
VP012,3-back,released,before_cv,169,66,0.7415036231884058,750-820 630-635 430-440 715-745 305-385
VP012,3-back,released,nested,169,66,0.7177536231884056,750-820 630-635 430-440 715-745 305-385
VP012,2-back T/NT,released,before_cv,78,32,0.5918181818181818,135-135 775-835 -115--110 730-770 45-45
VP012,2-back T/NT,released,nested,78,32,0.5136363636363636,135-135 775-835 -115--110 730-770 45-45
VP012,3-back T/NT,released,before_cv,66,18,0.7506944444444443,-130--130 -150--150 220-220 100-100 700-700
VP012,3-back T/NT,released,nested,66,18,0.6404166666666666,-130--130 -150--150 220-220 100-100 700-700
VP012,DSR,released,before_cv,243,107,0.7844505135387488,155-180 340-385 450-450 540-545 130-150
VP012,DSR,released,nested,243,107,0.7654920634920636,155-180 340-385 450-450 540-545 130-150
VP013,2-back,released,before_cv,178,102,0.7310714285714286,640-790 310-395 400-435 795-835 615-635
VP013,2-back,released,nested,178,102,0.7285714285714286,640-790 310-395 400-435 795-835 615-635
VP013,3-back,released,before_cv,178,90,0.7844586894586895,315-425 430-465 685-835 295-310 470-485
VP013,3-back,released,nested,178,90,0.7762108262108262,315-425 430-465 685-835 295-310 470-485
VP013,2-back T/NT,released,before_cv,102,43,0.6287619047619047,640-700 840-1000 560-635 395-505 705-740
VP013,2-back T/NT,released,nested,102,43,0.6037619047619047,640-700 840-1000 560-635 395-505 705-740
VP013,3-back T/NT,released,before_cv,90,39,0.5614102564102564,655-660 635-640 670-675 470-480 575-575
VP013,3-back T/NT,released,nested,90,39,0.47596153846153844,655-660 635-640 670-675 470-480 575-575
VP013,DSR,released,before_cv,247,107,0.7633496732026145,395-485 855-1000 490-645 650-730 380-390
VP013,DSR,released,nested,247,107,0.7663071895424837,395-485 855-1000 490-645 650-730 380-390
VP014,2-back,released,before_cv,180,103,0.9286945812807881,720-885 630-715 890-945 950-990 205-250
VP014,2-back,released,nested,180,103,0.920960591133005,720-885 630-715 890-945 950-990 205-250
VP014,3-back,released,before_cv,180,87,0.9038034188034189,745-900 905-975 680-740 1000-1000 270-300
VP014,3-back,released,nested,180,87,0.9067236467236468,745-900 905-975 680-740 1000-1000 270-300
VP014,2-back T/NT,released,before_cv,103,49,0.6817499999999999,720-835 640-715 840-870 -80--75 495-530
VP014,2-back T/NT,released,nested,103,49,0.6384583333333332,720-835 640-715 840-870 -80--75 495-530
VP014,3-back T/NT,released,before_cv,87,38,0.7267948717948717,755-865 215-215 -45--45 585-605 45-45
VP014,3-back T/NT,released,nested,87,38,0.6243589743589744,755-865 215-215 -45--45 585-605 45-45
VP014,DSR,released,before_cv,252,107,0.9429851994851995,255-300 305-440 535-850 445-525 225-250
VP014,DSR,released,nested,252,107,0.9400988845988845,255-300 305-440 535-850 445-525 225-250
VP015,2-back,released,before_cv,167,105,0.6842684167684168,310-590 595-670 675-745 265-305 795-840
VP015,2-back,released,nested,167,105,0.6631573056573056,310-590 595-670 675-745 265-305 795-840
VP015,3-back,released,before_cv,167,92,0.7075686609686609,370-740 280-365 745-770 800-820 255-275
VP015,3-back,released,nested,167,92,0.7035566951566952,370-740 280-365 745-770 800-820 255-275
VP015,2-back T/NT,released,before_cv,105,48,0.6240833333333333,130-130 75-105 160-165 -140--135 -85--75
VP015,2-back T/NT,released,nested,105,48,0.5340773809523809,130-130 75-105 160-165 -140--135 -85--75
VP015,3-back T/NT,released,before_cv,92,45,0.6953736263736264,655-775 575-645 855-1000 385-385 780-850
VP015,3-back T/NT,released,nested,92,45,0.6208095238095238,655-775 575-645 855-1000 385-385 780-850
VP015,DSR,released,before_cv,252,103,0.8458809523809524,150-165 170-195 305-355 360-360 365-460
VP015,DSR,released,nested,252,103,0.8164761904761905,150-165 170-195 305-355 360-360 365-460
VP016,2-back,released,before_cv,180,105,0.8108743842364532,345-530 535-585 325-340 220-320 590-605
VP016,2-back,released,nested,180,105,0.8224507389162561,345-530 535-585 325-340 220-320 590-605
VP016,3-back,released,before_cv,180,92,0.8753174603174603,345-515 520-585 320-340 885-985 305-315
VP016,3-back,released,nested,180,92,0.8771693121693123,345-515 520-585 320-340 885-985 305-315
VP016,2-back T/NT,released,before_cv,105,46,0.6915416666666667,735-800 595-730 -195--165 -150--150 -70--70
VP016,2-back T/NT,released,nested,105,46,0.638970238095238,735-800 595-730 -195--165 -150--150 -70--70
VP016,3-back T/NT,released,before_cv,92,36,0.7170421245421246,920-1000 865-915 630-670 680-785 520-600
VP016,3-back T/NT,released,nested,92,36,0.6835714285714285,920-1000 865-915 630-670 680-785 520-600
VP016,DSR,released,before_cv,252,108,0.8613888888888889,295-430 160-190 435-460 275-290 130-155
VP016,DSR,released,nested,252,108,0.8661111111111112,295-430 160-190 435-460 275-290 130-155
VP017,2-back,released,before_cv,178,105,0.8352453931764277,775-910 730-770 915-945 200-275 695-725
VP017,2-back,released,nested,178,105,0.8233830505382229,775-910 730-770 915-945 200-275 695-725
VP017,3-back,released,before_cv,178,95,0.8564621489621489,765-925 930-1000 725-760 225-275 280-350
VP017,3-back,released,nested,178,95,0.8457407407407407,765-925 930-1000 725-760 225-275 280-350
VP017,2-back T/NT,released,before_cv,105,48,0.7096488095238095,235-275 720-820 540-630 695-700 825-850
VP017,2-back T/NT,released,nested,105,48,0.6615059523809522,235-275 720-820 540-630 695-700 825-850
VP017,3-back T/NT,released,before_cv,95,45,0.6342857142857142,-155--155 0-5 -195--195 710-800 810-820
VP017,3-back T/NT,released,nested,95,45,0.5628571428571428,-155--155 0-5 -195--195 710-800 810-820
VP017,DSR,released,before_cv,252,108,0.9094444444444445,300-435 260-295 465-625 440-460 630-765
VP017,DSR,released,nested,252,108,0.906111111111111,300-435 260-295 465-625 440-460 630-765
VP018,2-back,released,before_cv,177,100,0.8065873015873016,295-385 285-290 390-430 250-280 595-635
VP018,2-back,released,nested,177,100,0.7899338624338623,295-385 285-290 390-430 250-280 595-635
VP018,3-back,released,before_cv,177,82,0.7340695156695156,285-325 335-405 255-280 330-330 435-480
VP018,3-back,released,nested,177,82,0.7183242165242164,285-325 335-405 255-280 330-330 435-480
VP018,2-back T/NT,released,before_cv,100,51,0.7024583333333333,240-280 330-390 220-235 285-290 -140--115
VP018,2-back T/NT,released,nested,100,51,0.66725,240-280 330-390 220-235 285-290 -140--115
VP018,3-back T/NT,released,before_cv,82,39,0.6285431235431236,-100--90 -150--140 -135--135 -40--40 -115--105
VP018,3-back T/NT,released,nested,82,39,0.5685780885780886,-100--90 -150--140 -135--135 -40--40 -115--105
VP018,DSR,released,before_cv,249,106,0.8085793650793651,560-650 520-555 355-415 815-905 655-765
VP018,DSR,released,nested,249,106,0.7855238095238095,560-650 520-555 355-415 815-905 655-765
VP019,2-back,released,before_cv,176,98,0.7448015873015873,520-650 790-915 425-515 655-730 920-940
VP019,2-back,released,nested,176,98,0.7374206349206349,520-650 790-915 425-515 655-730 920-940
VP019,3-back,released,before_cv,176,81,0.7256934472934473,810-935 550-730 430-545 940-970 405-425
VP019,3-back,released,nested,176,81,0.7308153846153846,810-935 550-730 430-545 940-970 405-425
VP019,2-back T/NT,released,before_cv,98,33,0.6558424908424909,290-295 270-275 795-880 350-350 625-625
VP019,2-back T/NT,released,nested,98,33,0.6336630036630037,290-295 270-275 795-880 350-350 625-625
VP019,3-back T/NT,released,before_cv,81,32,0.6510606060606061,305-375 890-1000 285-300 260-275 380-395
VP019,3-back T/NT,released,nested,81,32,0.5974999999999999,305-375 890-1000 285-300 260-275 380-395
VP019,DSR,released,before_cv,251,107,0.8832571857571857,370-595 150-185 700-1000 600-665 335-365
VP019,DSR,released,nested,251,107,0.8777792792792793,370-595 150-185 700-1000 600-665 335-365
VP020,2-back,released,before_cv,180,105,0.7488793103448276,425-455 460-585 975-980 365-395 915-925
VP020,2-back,released,nested,180,105,0.7474999999999999,425-455 460-585 975-980 365-395 915-925
VP020,3-back,released,before_cv,180,93,0.8107936507936507,445-595 725-925 395-440 930-1000 365-390
VP020,3-back,released,nested,180,93,0.8108333333333333,445-595 725-925 395-440 930-1000 365-390
VP020,2-back T/NT,released,before_cv,105,47,0.6793869047619048,810-880 60-60 540-635 -185--185 -130--125
VP020,2-back T/NT,released,nested,105,47,0.5880892857142858,810-880 60-60 540-635 -185--185 -130--125
VP020,3-back T/NT,released,before_cv,93,36,0.6022252747252748,790-855 715-760 235-240 565-590 555-560
VP020,3-back T/NT,released,nested,93,36,0.5560989010989011,790-855 715-760 235-240 565-590 555-560
VP020,DSR,released,before_cv,251,107,0.6553738738738738,465-575 580-635 375-460 705-745 330-340
VP020,DSR,released,nested,251,107,0.6528103818103818,465-575 580-635 375-460 705-745 330-340
VP021,2-back,released,before_cv,180,107,0.7727586206896551,250-300 305-335 175-200 830-935 210-245
VP021,2-back,released,nested,180,107,0.7958497536945813,250-300 305-335 175-200 830-935 210-245
VP021,3-back,released,before_cv,180,92,0.7399470899470899,585-660 320-435 665-690 -5-0 710-730
VP021,3-back,released,nested,180,92,0.7332275132275133,585-660 320-435 665-690 -5-0 710-730
VP021,2-back T/NT,released,before_cv,107,52,0.6898627450980392,260-300 715-805 420-545 815-840 640-645
VP021,2-back T/NT,released,nested,107,52,0.6746348039215687,260-300 715-805 420-545 815-840 640-645
VP021,3-back T/NT,released,before_cv,92,43,0.6018131868131869,-55--55 -40--35 -95--95 -50--45 0-5
VP021,3-back T/NT,released,nested,92,43,0.5446153846153845,-55--55 -40--35 -95--95 -50--45 0-5
VP021,DSR,released,before_cv,251,108,0.8844247104247103,350-505 510-530 315-345 155-180 790-935
VP021,DSR,released,nested,251,108,0.8827421707421707,350-505 510-530 315-345 155-180 790-935
VP022,2-back,released,before_cv,178,106,0.7575862068965517,310-325 965-1000 335-430 915-950 885-900
VP022,2-back,released,nested,178,106,0.7429679802955665,310-325 965-1000 335-430 915-950 885-900
VP022,3-back,released,before_cv,178,91,0.7227136752136752,310-310 345-375 315-335 300-305 160-170
VP022,3-back,released,nested,178,91,0.6645624745624746,310-310 345-375 315-335 300-305 160-170
VP022,2-back T/NT,released,before_cv,106,52,0.7236617647058823,260-280 555-570 370-375 -190--190 330-330
VP022,2-back T/NT,released,nested,106,52,0.7046642156862746,260-280 555-570 370-375 -190--190 330-330
VP022,3-back T/NT,released,before_cv,91,44,0.5637912087912087,945-975 840-850 860-885 165-175 905-940
VP022,3-back T/NT,released,nested,91,44,0.558076923076923,945-975 840-850 860-885 165-175 905-940
VP022,DSR,released,before_cv,252,108,0.8741666666666668,380-725 915-1000 730-765 335-375 170-200
VP022,DSR,released,nested,252,108,0.8363888888888888,380-725 915-1000 730-765 335-375 170-200
VP023,2-back,released,before_cv,179,95,0.7741412291412291,795-970 975-1000 765-790 245-270 755-760
VP023,2-back,released,nested,179,95,0.7508119658119659,795-970 975-1000 765-790 245-270 755-760
VP023,3-back,released,before_cv,179,84,0.8420279202279204,770-920 925-975 685-765 245-280 230-235
VP023,3-back,released,nested,179,84,0.8340461538461538,770-920 925-975 685-765 245-280 230-235
VP023,2-back T/NT,released,before_cv,95,47,0.6706520146520146,280-320 330-365 -105--100 -125--120 -85--85
VP023,2-back T/NT,released,nested,95,47,0.5764761904761906,280-320 330-365 -105--100 -125--120 -85--85
VP023,3-back T/NT,released,before_cv,84,33,0.6658275058275058,570-570 1000-1000 300-310 330-350 390-405
VP023,3-back T/NT,released,nested,84,33,0.6163403263403263,570-570 1000-1000 300-310 330-350 390-405
VP023,DSR,released,before_cv,252,107,0.8983161733161733,830-1000 170-200 800-825 485-725 355-405
VP023,DSR,released,nested,252,107,0.8908281853281853,830-1000 170-200 800-825 485-725 355-405
VP024,2-back,released,before_cv,180,101,0.7085714285714286,905-910 730-730 865-875 800-820 975-990
VP024,2-back,released,nested,180,101,0.7053940886699507,905-910 730-730 865-875 800-820 975-990
VP024,3-back,released,before_cv,180,88,0.7472934472934474,365-370 720-735 745-745 350-360 865-885
VP024,3-back,released,nested,180,88,0.6629487179487179,365-370 720-735 745-745 350-360 865-885
VP024,2-back T/NT,released,before_cv,101,49,0.7154404761904762,870-870 645-645 690-695 765-770 315-325
VP024,2-back T/NT,released,nested,101,49,0.6059345238095238,870-870 645-645 690-695 765-770 315-325
VP024,3-back T/NT,released,before_cv,88,36,0.6551923076923077,240-240 745-750 325-335 95-95 0-0
VP024,3-back T/NT,released,nested,88,36,0.538846153846154,240-240 745-750 325-335 95-95 0-0
VP024,DSR,released,before_cv,252,108,0.9177777777777779,390-540 335-385 545-560 260-295 565-565
VP024,DSR,released,nested,252,108,0.9127777777777777,390-540 335-385 545-560 260-295 565-565
VP025,2-back,released,before_cv,179,102,0.85198595146871,660-970 320-415 570-655 975-1000 300-315
VP025,2-back,released,nested,179,102,0.8505564677978471,660-970 320-415 570-655 975-1000 300-315
VP025,3-back,released,before_cv,179,90,0.82497150997151,765-940 315-430 945-1000 685-760 300-310
VP025,3-back,released,nested,179,90,0.8321225071225072,765-940 315-430 945-1000 685-760 300-310
VP025,2-back T/NT,released,before_cv,102,49,0.7918869047619047,345-415 600-825 235-320 420-470 325-340
VP025,2-back T/NT,released,nested,102,49,0.7855595238095239,345-415 600-825 235-320 420-470 325-340
VP025,3-back T/NT,released,before_cv,90,38,0.749551282051282,275-285 250-270 -110--110 195-200 245-245
VP025,3-back T/NT,released,nested,90,38,0.6086538461538462,275-285 250-270 -110--110 195-200 245-245
VP025,DSR,released,before_cv,252,107,0.8830954525954526,300-410 495-710 715-735 825-980 415-470
VP025,DSR,released,nested,252,107,0.8813811668811671,300-410 495-710 715-735 825-980 415-470
VP026,2-back,released,before_cv,177,106,0.7782713008575077,545-720 725-770 325-360 300-320 490-540
VP026,2-back,released,nested,177,106,0.7435540959678891,545-720 725-770 325-360 300-320 490-540
VP026,3-back,released,before_cv,177,92,0.6426353276353277,325-375 200-205 -80--80 -145--145 -150--150
VP026,3-back,released,nested,177,92,0.5913715913715913,325-375 200-205 -80--80 -145--145 -150--150
VP026,2-back T/NT,released,before_cv,106,54,0.73375,380-385 315-315 325-375 320-320 580-620
VP026,2-back T/NT,released,nested,106,54,0.66125,380-385 315-315 325-375 320-320 580-620
VP026,3-back T/NT,released,before_cv,92,47,0.6253663003663004,-155--155 140-155 35-40 -140--140 -10--10
VP026,3-back T/NT,released,nested,92,47,0.533157509157509,-155--155 140-155 35-40 -140--140 -10--10
VP026,DSR,released,before_cv,252,107,0.9249032604032603,440-675 900-1000 680-725 385-435 875-895
VP026,DSR,released,nested,252,107,0.922941655941656,440-675 900-1000 680-725 385-435 875-895
