subject,contrast,n_class0,n_class1,accuracy,majority_rate
VP001,2-back T/NT,107,54,0.8311960784313724,0.6645962732919255
VP001,3-back T/NT,99,53,0.776875,0.6513157894736842
VP001,2-back,180,107,0.841884236453202,0.627177700348432
VP001,3-back,180,99,0.8451719576719576,0.6451612903225806
VP001,2-back target vs 0-back,180,54,0.8889130434782608,0.7692307692307693
VP001,3-back target vs 0-back,180,53,0.8991847826086957,0.7725321888412017
VP001,2-back all vs 0-back,180,161,0.8642436974789917,0.5278592375366569
VP001,3-back all vs 0-back,180,152,0.8593761140819964,0.5421686746987951
VP002,2-back T/NT,106,48,0.665625,0.6883116883116883
VP002,3-back T/NT,89,35,0.605448717948718,0.717741935483871
VP002,2-back,180,106,0.7940394088669951,0.6293706293706294
VP002,3-back,180,89,0.7786894586894586,0.6691449814126395
VP002,2-back target vs 0-back,180,48,0.8046640316205533,0.7894736842105263
VP002,3-back target vs 0-back,180,35,0.8293722943722944,0.8372093023255814
VP002,2-back all vs 0-back,180,154,0.8033868092691622,0.5389221556886228
VP002,3-back all vs 0-back,180,124,0.800032258064516,0.5921052631578947
VP003,2-back T/NT,94,39,0.7804395604395604,0.706766917293233
VP003,3-back T/NT,85,36,0.7353787878787879,0.7024793388429752
VP003,2-back,180,94,0.8708730158730159,0.656934306569343
VP003,3-back,180,85,0.8803703703703704,0.6792452830188679
VP003,2-back target vs 0-back,180,39,0.892835497835498,0.821917808219178
VP003,3-back target vs 0-back,180,36,0.8698268398268398,0.8333333333333334
VP003,2-back all vs 0-back,180,133,0.8632056451612904,0.5750798722044729
VP003,3-back all vs 0-back,180,121,0.8700215053763442,0.5980066445182725
VP004,2-back T/NT,105,54,0.7010147058823529,0.660377358490566
VP004,3-back T/NT,96,52,0.7264583333333333,0.6486486486486487
VP004,2-back,180,105,0.852820197044335,0.631578947368421
VP004,3-back,180,96,0.887063492063492,0.6521739130434783
VP004,2-back target vs 0-back,180,54,0.8844021739130434,0.7692307692307693
VP004,3-back target vs 0-back,180,52,0.8953804347826088,0.7758620689655172
VP004,2-back all vs 0-back,180,159,0.8424955436720142,0.5309734513274337
VP004,3-back all vs 0-back,180,148,0.8730776515151515,0.5487804878048781
VP005,2-back T/NT,83,51,0.6256520146520146,0.6194029850746269
VP005,3-back T/NT,73,49,0.6657692307692308,0.5983606557377049
VP005,2-back,178,83,0.8123532763532765,0.6819923371647509
VP005,3-back,178,73,0.7413974358974358,0.7091633466135459
VP005,2-back target vs 0-back,178,51,0.7339295125164691,0.777292576419214
VP005,3-back target vs 0-back,178,49,0.7324110671936759,0.7841409691629956
VP005,2-back all vs 0-back,178,134,0.7902681451612904,0.5705128205128205
VP005,3-back all vs 0-back,178,122,0.7363333333333333,0.5933333333333334
VP006,2-back T/NT,94,41,0.648021978021978,0.6962962962962963
VP006,3-back T/NT,74,42,0.613409090909091,0.6379310344827587
VP006,2-back,177,94,0.7313776963776965,0.6531365313653137
VP006,3-back,177,74,0.6816397435897436,0.7051792828685259
VP006,2-back target vs 0-back,177,41,0.8101806888763411,0.8119266055045872
VP006,3-back target vs 0-back,177,42,0.6750235271974402,0.8082191780821918
VP006,2-back all vs 0-back,177,135,0.747945564516129,0.5673076923076923
VP006,3-back all vs 0-back,177,116,0.7222422003284072,0.6040955631399317
VP007,2-back T/NT,105,52,0.7535171568627451,0.6687898089171974
VP007,3-back T/NT,94,48,0.7168278388278388,0.6619718309859155
VP007,2-back,180,105,0.6949630541871921,0.631578947368421
VP007,3-back,180,94,0.7460449735449736,0.656934306569343
VP007,2-back target vs 0-back,180,52,0.864836956521739,0.7758620689655172
VP007,3-back target vs 0-back,180,48,0.7678063241106721,0.7894736842105263
VP007,2-back all vs 0-back,180,157,0.7682085561497327,0.5341246290801187
VP007,3-back all vs 0-back,180,142,0.7676136363636363,0.5590062111801242
VP008,2-back T/NT,104,43,0.67775,0.7074829931972789
VP008,3-back T/NT,82,26,0.7146666666666668,0.7592592592592593
VP008,2-back,180,104,0.8599137931034482,0.6338028169014085
VP008,3-back,180,82,0.8107407407407408,0.6870229007633588
VP008,2-back target vs 0-back,180,43,0.8217391304347826,0.8071748878923767
VP008,3-back target vs 0-back,180,26,0.8265,0.8737864077669902
VP008,2-back all vs 0-back,180,147,0.8361931818181818,0.5504587155963303
VP008,3-back all vs 0-back,180,108,0.8006896551724138,0.625
VP009,2-back T/NT,102,49,0.6724107142857142,0.6754966887417219
VP009,3-back T/NT,84,43,0.647893772893773,0.6614173228346457
VP009,2-back,180,102,0.871564039408867,0.6382978723404256
VP009,3-back,180,84,0.81514245014245,0.6818181818181818
VP009,2-back target vs 0-back,180,49,0.8812252964426877,0.7860262008733624
VP009,3-back target vs 0-back,180,43,0.874604743083004,0.8071748878923767
VP009,2-back all vs 0-back,180,151,0.8910338680926916,0.5438066465256798
VP009,3-back all vs 0-back,180,127,0.8699462365591397,0.5863192182410424
VP010,2-back T/NT,103,53,0.6260833333333333,0.6602564102564102
VP010,3-back T/NT,92,44,0.6173076923076923,0.6764705882352942
VP010,2-back,179,103,0.6902654625068418,0.6347517730496454
VP010,3-back,179,92,0.7303805453805454,0.6605166051660517
VP010,2-back target vs 0-back,179,53,0.7559963768115943,0.771551724137931
VP010,3-back target vs 0-back,179,44,0.724510634293243,0.8026905829596412
VP010,2-back all vs 0-back,179,156,0.6908110516934046,0.5343283582089552
VP010,3-back all vs 0-back,179,136,0.6902217741935484,0.5682539682539682
VP011,2-back T/NT,105,53,0.609296568627451,0.6645569620253164
VP011,3-back T/NT,95,35,0.6678571428571429,0.7307692307692307
VP011,2-back,180,105,0.631564039408867,0.631578947368421
VP011,3-back,180,95,0.6436375661375662,0.6545454545454545
VP011,2-back target vs 0-back,180,53,0.6171195652173912,0.7725321888412017
VP011,3-back target vs 0-back,180,35,0.7349783549783551,0.8372093023255814
VP011,2-back all vs 0-back,180,158,0.6340017825311943,0.5325443786982249
VP011,3-back all vs 0-back,180,130,0.5880645161290322,0.5806451612903226
VP012,2-back T/NT,78,32,0.6572727272727273,0.7090909090909091
VP012,3-back T/NT,66,18,0.7184722222222222,0.7857142857142857
VP012,2-back,169,78,0.7078833333333334,0.6842105263157895
VP012,3-back,169,66,0.6832971014492754,0.7191489361702128
VP012,2-back target vs 0-back,169,32,0.7750538847117794,0.8407960199004975
VP012,3-back target vs 0-back,169,18,0.822690058479532,0.9037433155080213
VP012,2-back all vs 0-back,169,110,0.7114285714285714,0.6057347670250897
VP012,3-back all vs 0-back,169,84,0.6697807692307692,0.6679841897233202
VP013,2-back T/NT,102,43,0.6258095238095238,0.7034482758620689
VP013,3-back T/NT,90,39,0.6212179487179488,0.6976744186046512
VP013,2-back,178,102,0.8028571428571428,0.6357142857142857
VP013,3-back,178,90,0.7434472934472935,0.664179104477612
VP013,2-back target vs 0-back,178,43,0.7342038396386222,0.8054298642533937
VP013,3-back target vs 0-back,178,39,0.7771861471861471,0.8202764976958525
VP013,2-back all vs 0-back,178,145,0.7690765518084066,0.5510835913312694
VP013,3-back all vs 0-back,178,129,0.7163763440860215,0.5798045602605864
VP014,2-back T/NT,103,49,0.6086250000000001,0.6776315789473685
VP014,3-back T/NT,87,38,0.6717948717948719,0.696
VP014,2-back,180,103,0.8824014778325122,0.6360424028268551
VP014,3-back,180,87,0.8713960113960113,0.6741573033707865
VP014,2-back target vs 0-back,180,49,0.8616205533596839,0.7860262008733624
VP014,3-back target vs 0-back,180,38,0.8533549783549782,0.8256880733944955
VP014,2-back all vs 0-back,180,152,0.8680303030303029,0.5421686746987951
VP014,3-back all vs 0-back,180,125,0.859462365591398,0.5901639344262295
VP015,2-back T/NT,105,48,0.597125,0.6862745098039216
VP015,3-back T/NT,92,45,0.6146776556776558,0.6715328467153284
VP015,2-back,167,105,0.6262271062271063,0.6139705882352942
VP015,3-back,167,92,0.6834148148148148,0.6447876447876448
VP015,2-back target vs 0-back,167,48,0.7085281385281386,0.7767441860465116
VP015,3-back target vs 0-back,167,45,0.7514675324675324,0.7877358490566038
VP015,2-back all vs 0-back,167,153,0.6531250000000001,0.521875
VP015,3-back all vs 0-back,167,137,0.6519584723767149,0.5493421052631579
VP016,2-back T/NT,105,46,0.6649166666666666,0.695364238410596
VP016,3-back T/NT,92,36,0.6915842490842492,0.71875
VP016,2-back,180,105,0.8475985221674878,0.631578947368421
VP016,3-back,180,92,0.8684920634920635,0.6617647058823529
VP016,2-back target vs 0-back,180,46,0.8541106719367588,0.7964601769911505
VP016,3-back target vs 0-back,180,36,0.8417316017316014,0.8333333333333334
VP016,2-back all vs 0-back,180,151,0.8796880570409982,0.5438066465256798
VP016,3-back all vs 0-back,180,128,0.8253763440860216,0.5844155844155844
VP017,2-back T/NT,105,48,0.7204166666666666,0.6862745098039216
VP017,3-back T/NT,95,45,0.635,0.6785714285714286
VP017,2-back,178,105,0.8232302499543879,0.6289752650176679
VP017,3-back,178,95,0.8007091982091982,0.652014652014652
VP017,2-back target vs 0-back,178,48,0.797287784679089,0.7876106194690266
VP017,3-back target vs 0-back,178,45,0.7650395256916996,0.7982062780269058
VP017,2-back all vs 0-back,178,153,0.8275038992869875,0.5377643504531722
VP017,3-back all vs 0-back,178,140,0.8086693548387096,0.559748427672956
VP018,2-back T/NT,100,51,0.6833333333333333,0.6622516556291391
VP018,3-back T/NT,82,39,0.6416841491841493,0.6776859504132231
VP018,2-back,177,100,0.7445238095238096,0.6389891696750902
VP018,3-back,177,82,0.6237880341880342,0.6833976833976834
VP018,2-back target vs 0-back,177,51,0.8007312252964427,0.7763157894736842
VP018,3-back target vs 0-back,177,39,0.667077922077922,0.8194444444444444
VP018,2-back all vs 0-back,177,151,0.7631818181818183,0.5396341463414634
VP018,3-back all vs 0-back,177,121,0.6397100482017056,0.5939597315436241
VP019,2-back T/NT,98,33,0.6640018315018316,0.7480916030534351
VP019,3-back T/NT,81,32,0.6550757575757575,0.7168141592920354
VP019,2-back,176,98,0.7271825396825398,0.6423357664233577
VP019,3-back,176,81,0.6720683760683761,0.6848249027237354
VP019,2-back target vs 0-back,176,33,0.8083484848484848,0.8421052631578947
VP019,3-back target vs 0-back,176,32,0.8002121212121214,0.8461538461538461
VP019,2-back all vs 0-back,176,131,0.7407143817204301,0.5732899022801303
VP019,3-back all vs 0-back,176,113,0.6728177339901478,0.6089965397923875
VP020,2-back T/NT,105,47,0.6307142857142858,0.6907894736842105
VP020,3-back T/NT,93,36,0.5977106227106227,0.7209302325581395
VP020,2-back,180,105,0.7412561576354679,0.631578947368421
VP020,3-back,180,93,0.7195502645502645,0.6593406593406593
VP020,2-back target vs 0-back,180,47,0.697608695652174,0.7929515418502202
VP020,3-back target vs 0-back,180,36,0.8316450216450217,0.8333333333333334
VP020,2-back all vs 0-back,180,152,0.7556951871657754,0.5421686746987951
VP020,3-back all vs 0-back,180,129,0.7698279569892474,0.5825242718446602
VP021,2-back T/NT,107,52,0.7263651960784314,0.6729559748427673
VP021,3-back T/NT,92,43,0.6633516483516485,0.6814814814814815
VP021,2-back,180,107,0.7860098522167487,0.627177700348432
VP021,3-back,180,92,0.7237698412698412,0.6617647058823529
VP021,2-back target vs 0-back,180,52,0.7986775362318841,0.7758620689655172
VP021,3-back target vs 0-back,180,43,0.7660671936758894,0.8071748878923767
VP021,2-back all vs 0-back,180,159,0.7920320855614974,0.5309734513274337
VP021,3-back all vs 0-back,180,135,0.7499092741935485,0.5714285714285714
VP022,2-back T/NT,106,52,0.7587671568627451,0.6708860759493671
VP022,3-back T/NT,91,44,0.697967032967033,0.674074074074074
VP022,2-back,178,106,0.8648152709359607,0.6267605633802817
VP022,3-back,178,91,0.7920848595848595,0.6617100371747212
VP022,2-back target vs 0-back,178,52,0.8400000000000001,0.7739130434782608
VP022,3-back target vs 0-back,178,44,0.7935808394504047,0.8018018018018018
VP022,2-back all vs 0-back,178,158,0.8602389705882352,0.5297619047619048
VP022,3-back all vs 0-back,178,135,0.806518817204301,0.5686900958466453
VP023,2-back T/NT,95,47,0.7913846153846154,0.6690140845070423
VP023,3-back T/NT,84,33,0.7638869463869463,0.717948717948718
VP023,2-back,179,95,0.8201241351241352,0.6532846715328468
VP023,3-back,179,84,0.8171817663817664,0.6806083650190115
VP023,2-back target vs 0-back,179,47,0.8252249200075287,0.7920353982300885
VP023,3-back target vs 0-back,179,33,0.8242207792207793,0.8443396226415094
VP023,2-back all vs 0-back,179,142,0.8337105938416423,0.557632398753894
VP023,3-back all vs 0-back,179,117,0.8295402298850576,0.6047297297297297
VP024,2-back T/NT,101,49,0.6271607142857143,0.6733333333333333
VP024,3-back T/NT,88,36,0.6644871794871795,0.7096774193548387
VP024,2-back,180,101,0.6749137931034485,0.6405693950177936
VP024,3-back,180,88,0.7400427350427351,0.6716417910447762
VP024,2-back target vs 0-back,180,49,0.7656126482213439,0.7860262008733624
VP024,3-back target vs 0-back,180,36,0.8292640692640691,0.8333333333333334
VP024,2-back all vs 0-back,180,150,0.7321212121212122,0.5454545454545454
VP024,3-back all vs 0-back,180,124,0.7125483870967743,0.5921052631578947
VP025,2-back T/NT,102,49,0.7447261904761905,0.6754966887417219
VP025,3-back T/NT,90,38,0.7208974358974359,0.703125
VP025,2-back,179,102,0.7518158182813355,0.6370106761565836
VP025,3-back,179,90,0.7680056980056981,0.6654275092936803
VP025,2-back target vs 0-back,179,49,0.8614426877470356,0.7850877192982456
VP025,3-back target vs 0-back,179,38,0.8057575757575757,0.8248847926267281
VP025,2-back all vs 0-back,179,151,0.7763396836007131,0.5424242424242425
VP025,3-back all vs 0-back,179,128,0.7251075268817205,0.5830618892508144
VP026,2-back T/NT,106,54,0.725,0.6625
VP026,3-back T/NT,92,47,0.6664102564102564,0.6618705035971223
VP026,2-back,177,106,0.7419147965699691,0.6254416961130742
VP026,3-back,177,92,0.7266218966218967,0.6579925650557621
VP026,2-back target vs 0-back,177,54,0.8690217391304348,0.7662337662337663
VP026,3-back target vs 0-back,177,47,0.7996800301148127,0.7901785714285714
VP026,2-back all vs 0-back,177,160,0.7478342245989305,0.5252225519287834
VP026,3-back all vs 0-back,177,139,0.6823185483870968,0.560126582278481
