subject,task,veog_r_before,veog_r_after,heog_r_before,heog_r_after,power_ratio,n_windows,components_removed,fallbacks
VP001,nback,0.9589217654167783,0.04759228861372701,0.0906672726830015,0.02712495797060461,0.10532520963241435,6,3 3 2 3 3 3,0
VP001,dsr,0.9648706437747357,0.07459832478938551,0.09056269547175777,0.011475778483219188,0.10191383772432178,3,2 3 3,0
VP001,wg,0.9583156334278632,0.028561169266370166,0.1026856674635942,0.02065663417730363,0.1335090518096653,6,2 2 2 2 2 3,0
VP002,nback,0.8969114704600392,0.07676223189871798,0.18349946019831048,0.032978702329607576,0.2676549569764873,6,5 5 2 2 2 2,0
VP002,dsr,0.8980783085697736,0.03851935256653964,0.1822219281696818,0.06088215912774827,0.4161261822300517,3,3 3 3,0
VP002,wg,0.8463681068612253,0.07596328880672296,0.18388534411101629,0.06717708575620282,0.4097694780407972,6,2 3 3 2 3 3,0
VP003,nback,0.9287543960262299,0.06795754923121941,0.18510219859856814,0.03919134159764713,0.21802748304620842,6,2 2 2 2 2 2,0
VP003,dsr,0.8728115296658217,0.061619697225029045,0.13070890840029065,0.047068828794658714,0.1475862022782689,3,4 5 4,0
VP003,wg,0.8868730035218328,0.09689160419805498,0.17918814528664626,0.07260932833183256,0.2883190982661806,6,2 3 2 2 5 3,0
VP004,nback,0.8868939882402058,0.0613647669128393,0.1433138451946833,0.08888774044075683,0.3395909799544804,6,4 7 6 5 2 6,0
VP004,dsr,0.8842201543030666,0.053183848466524485,0.1806048802755829,0.03488094282943847,0.24449825070541842,3,4 3 8,0
VP004,wg,0.8908046652865051,0.06993840110809924,0.17880932259511648,0.075534565355092,0.29306881660757617,6,4 5 5 5 4 5,0
VP005,nback,0.7821652481838571,0.019510056115437966,0.121257905882265,0.04367629876877294,0.1613295303300938,6,5 5 6 6 6 7,0
VP005,dsr,0.928522878493902,0.03757362202359716,0.10566930605503233,0.027449959785163746,0.2752678422868817,3,2 2 2,0
VP005,wg,0.9100284005508991,0.034406597036309515,0.1274023062132364,0.1143417354581957,0.15824909930131614,6,5 7 9 5 6 4,0
VP006,nback,0.9651837525989633,0.03812125445263258,0.09200462342594651,0.06689175173680062,0.0924547971410829,6,2 2 2 2 2 2,0
VP006,dsr,0.9581755899643534,0.033433803595796306,0.054558514096286856,0.22948932485286072,0.13128443926558714,3,2 2 2,0
VP006,wg,0.9607575618333817,0.06093261956701594,0.10237171808997987,0.10719606203147902,0.11257176888591534,6,2 2 3 2 2 2,0
VP007,nback,0.8903601936402354,0.04889637771508119,0.27398927503877724,0.2282548627025287,0.3757232550969277,6,3 3 2 2 2 2,0
VP007,dsr,0.8162394952698604,0.11194215584331187,0.19436159869676733,0.15078590428690547,0.5301969561418437,3,3 2 3,0
VP007,wg,0.8603648094000345,0.17353982135711127,0.3115095778730246,0.2638060210549259,0.5008953990735272,6,2 3 3 2 2 3,0
VP008,nback,0.9684015830966549,0.0210175862587478,0.09908279163994327,0.03382443782370352,0.077710452329336,6,5 4 3 3 6 5,0
VP008,dsr,0.9346326842446742,0.0548551958799238,0.2772014914701698,0.07270288370417181,0.10894892216204727,3,3 3 6,0
VP008,wg,0.9638547490809835,0.09718927058557425,0.18147591529371007,0.035424572540694386,0.07741302281184659,6,5 6 6 2 7 5,1
VP009,nback,0.963340535709051,0.26023941506928155,0.19313220431262082,0.017922882589265,0.052909014181565385,6,5 5 5 5 4 4,0
VP009,dsr,0.9804318785018988,0.025881167760327617,0.2681793493599306,0.06403526203013635,0.0538558344583692,3,3 2 2,0
VP009,wg,0.9775540470701577,0.2776128172284217,0.16061266025310128,0.1406447453793998,0.12875026875681492,6,6 4 3 2 2 3,0
VP010,nback,0.9195697935689976,0.010134211111882955,0.06818586207805315,0.11854851662762671,0.40867008342967803,6,2 2 2 2 2 2,0
VP010,dsr,0.9076679888236088,0.011378018005949623,0.11088329559515317,0.12881715667005264,0.31401689156040696,3,2 3 2,0
VP010,wg,0.8904852882075796,0.03516113608430625,0.151795029548263,0.08277184887071438,0.3803733390803121,6,2 2 2 2 2 2,0
VP011,nback,0.7630012126014978,0.08218172623090035,0.11141882574797837,0.04105974828103383,0.7064007834708127,6,2 4 2 2 2 2,0
VP011,dsr,0.6325720807456123,0.18132453375341503,0.06858809370738657,0.1272125123477401,0.8480890834233743,3,3 2 2,0
VP011,wg,0.5634380537436808,0.05159947494646635,0.11611285433471527,0.01149081523461697,0.8237024734438287,6,2 2 2 4 2 2,0
VP012,nback,0.9651794842230078,0.02821640918733115,0.33286110954017784,0.15854025387283166,0.11810419827574971,6,2 2 2 2 2 3,0
VP012,dsr,0.9602718822416856,0.017579418001066473,0.23059756630743786,0.09055717666008249,0.13859515301617323,3,2 2 2,0
VP012,wg,0.9609598917687296,0.03708631024986429,0.33713236495724763,0.0962953023455849,0.13163223340076521,6,2 3 2 2 2 3,0
VP013,nback,0.9230243546044908,0.08656466466289482,0.22876350080095617,0.09801882540790455,0.22606148396699297,6,6 4 5 4 2 3,0
VP013,dsr,0.9007559361291998,0.016205130557323196,0.12667791147077354,0.07035562707417013,0.22607699855307514,3,5 2 6,1
VP013,wg,0.9537079210725748,0.032433867323041585,0.15418069706878978,0.030824001475147446,0.15073166927763973,6,2 2 2 2 2 5,1
VP014,nback,0.9634996936335947,0.05782029999582772,0.36173123252475003,0.04015073390775001,0.08272387858689714,6,3 5 6 4 4 3,1
VP014,dsr,0.9687504493397634,0.012561047382126017,0.14712207900937865,0.14895034616366917,0.11258760094826166,3,3 3 2,0
VP014,wg,0.9592276744629432,0.0791005893088996,0.3340100204142549,0.1557295743016915,0.15129962831108348,6,3 2 3 2 3 3,0
VP015,nback,0.9810025531774821,0.061712128825251344,0.05331772376940287,0.11590975563922398,0.09319583154658388,6,2 2 2 2 4 2,0
VP015,dsr,0.9434665714426519,0.009014085068873575,0.13607676604367175,0.10559654918949164,0.10186112354389373,3,4 5 4,0
VP015,wg,0.9755286475676657,0.01259519496442928,0.06783876702203986,0.11300756986464,0.12036749429116787,6,3 2 4 2 3 3,0
VP016,nback,0.9886365050379091,0.06119105081059686,0.3689719214417423,0.042918181724556984,0.029462966768828962,6,4 3 4 3 2 3,0
VP016,dsr,0.9933289158129968,0.053998791567097935,0.5885470401110042,0.06269202368068841,0.023289848873251348,3,2 4 3,0
VP016,wg,0.9897012302701625,0.37061769835542185,0.3872065322873452,0.20464304470151412,0.11499345938644559,6,2 3 3 5 5 5,0
VP017,nback,0.6764994634697706,0.04577620641575472,0.08545591446753904,0.06935375682435904,0.23745315530900052,6,4 4 3 3 4 2,0
VP017,dsr,0.724252994562377,0.0780787983068814,0.09360717319020699,0.017556863840962757,0.34453182371244784,3,4 3 5,1
VP017,wg,0.02176470947494034,0.026402941532828784,0.1703576083426225,0.03863296836005776,0.3081545163337746,6,3 3 4 4 4 4,0
VP018,nback,0.891138407358881,0.03748389567036909,0.20345450202967186,0.09136408410627998,0.37509463736262394,6,6 3 2 2 2 2,0
VP018,dsr,0.829861737088307,0.015346519712032053,0.2481577850557847,0.12909610500535376,0.5760687544606806,3,2 3 2,0
VP018,wg,0.8318103204127631,0.014469294232424827,0.29096654401550526,0.08750992174200586,0.5659028502779189,6,2 2 2 2 2 2,0
VP019,nback,0.9110630582322639,0.06660048151339194,0.21085623688353938,0.027681468502815342,0.14948144336169103,6,2 2 4 4 3 2,0
VP019,dsr,0.8794829933873883,0.03518387388868406,0.22461266329999624,0.01783051203753096,0.2772595515330057,3,3 2 2,0
VP019,wg,0.8757279818631023,0.021778324965684465,0.16460856133785357,0.06027547930486632,0.22322617641138828,6,3 3 2 4 6 5,0
VP020,nback,0.947799707805442,0.03982813531319993,0.3115090488853694,0.013636267410113857,0.13434375063203044,6,3 4 4 4 3 3,0
VP020,dsr,0.8575359302858653,0.02605561121829609,0.22887650542835503,0.045218591833936804,0.13632650485284134,3,2 5 5,0
VP020,wg,0.9195345224526783,0.025479310462411107,0.3107660962760291,0.01293798258292394,0.22469581120248194,6,3 3 4 3 2 2,0
VP021,nback,0.9525168396207754,0.11360021693872638,0.3864207539608853,0.07523808616173043,0.1427894828913622,6,4 4 4 2 3 4,0
VP021,dsr,0.9574991495619077,0.004967079609797509,0.21278869084336263,0.2596534576098698,0.13628453691987402,3,2 2 2,0
VP021,wg,0.9536809864152371,0.014541146445878683,0.2627471335597662,0.21990964552254594,0.19556135943662603,6,2 2 2 2 2 2,0
VP022,nback,0.77540771538121,0.027294636570402868,0.2514211031990877,0.24895291106443604,0.6177758550156274,6,2 2 2 2 3 4,0
VP022,dsr,0.807488855370506,0.040248833721303105,0.23939454737556934,0.3031019236413125,0.6339255517888241,3,2 2 2,0
VP022,wg,0.8220986736478915,0.025317679983552555,0.22271102071292398,0.2516500221785136,0.5950060001263032,6,2 4 3 2 2 2,0
VP023,nback,0.9335578129474529,0.01898991609884814,0.3349051354063228,0.12570899792108287,0.2005732784142998,6,2 2 2 2 2 2,0
VP023,dsr,0.9153205160597494,0.06873919882305632,0.25695346587984297,0.13173090777332352,0.2607242013503268,3,2 2 2,0
VP023,wg,0.9471277271632138,0.05386843850632752,0.31309294125379666,0.14241227704003379,0.17899955270262047,6,2 2 2 2 2 2,0
VP024,nback,0.7037851173968235,0.12369845385424236,0.07396880443053325,0.09926005538427043,0.6206450929675499,6,2 4 3 4 6 7,0
VP024,dsr,0.7444215575864599,0.05355288888931079,0.07384186606249125,0.14115623413313516,0.5920933278668735,3,2 2 2,0
VP024,wg,0.8003223873424213,0.06008057469517956,0.06715374356493584,0.12839972060612861,0.4638972466728633,6,9 8 2 2 2 2,0
VP025,nback,0.9791854059432797,0.05078937034762452,0.19765186734826592,0.008777439760089767,0.04098440197451092,6,2 3 3 3 5 2,0
VP025,dsr,0.9557642708532013,0.08165655992831301,0.1033594970056664,0.01991539982655555,0.09914449151056992,3,6 4 3,0
VP025,wg,0.9553422687194981,0.08975127348030773,0.13434947679097195,0.01789952171792788,0.11615006281871555,6,3 5 2 3 3 2,0
VP026,nback,0.9391598213420542,0.028937588329748954,0.5350598954388219,0.033514158326349,0.13870948486515203,6,2 2 2 2 2 2,0
VP026,dsr,0.9011135499599628,0.0415890675624614,0.49625316317358975,0.055947265396484716,0.19362460370072443,3,3 3 5,0
VP026,wg,0.915941077452004,0.025836773250558533,0.4929505774191888,0.04262143240791142,0.15040162783665806,6,3 3 2 3 2 3,0
