subject,run,band_lo,band_hi
VP001,paper,10.5,14.5
VP002,paper,6.0,9.0
VP003,paper,5.0,10.0
VP004,paper,6.5,10.0
VP005,paper,8.0,12.5
VP006,paper,7.5,11.0
VP007,paper,5.5,12.5
VP008,paper,5.0,11.0
VP009,paper,11.5,25.5
VP010,paper,8.5,15.5
VP011,paper,8.0,10.5
VP012,paper,5.0,20.5
VP013,paper,5.0,15.5
VP014,paper,9.5,14.0
VP015,paper,9.5,12.5
VP016,paper,9.5,14.5
VP017,paper,7.0,12.5
VP018,paper,5.0,10.5
VP019,paper,11.5,16.5
VP020,paper,18.5,22.5
VP021,paper,22.5,35.0
VP022,paper,5.5,18.5
VP023,paper,13.5,20.5
VP024,paper,7.5,11.5
VP025,paper,5.0,9.0
VP026,paper,8.0,15.5
VP001,paper_nested_band,10.5,14.5
VP002,paper_nested_band,6.0,9.0
VP003,paper_nested_band,5.0,10.0
VP004,paper_nested_band,6.5,10.0
VP005,paper_nested_band,8.0,12.5
VP006,paper_nested_band,7.5,11.0
VP007,paper_nested_band,5.5,12.5
VP008,paper_nested_band,5.0,11.0
VP009,paper_nested_band,11.5,25.5
VP010,paper_nested_band,8.5,15.5
VP011,paper_nested_band,8.0,10.5
VP012,paper_nested_band,5.0,20.5
VP013,paper_nested_band,5.0,15.5
VP014,paper_nested_band,9.5,14.0
VP015,paper_nested_band,9.5,12.5
VP016,paper_nested_band,9.5,14.5
VP017,paper_nested_band,7.0,12.5
VP018,paper_nested_band,5.0,10.5
VP019,paper_nested_band,11.5,16.5
VP020,paper_nested_band,18.5,22.5
VP021,paper_nested_band,22.5,35.0
VP022,paper_nested_band,5.5,18.5
VP023,paper_nested_band,13.5,20.5
VP024,paper_nested_band,7.5,11.5
VP025,paper_nested_band,5.0,9.0
VP026,paper_nested_band,8.0,15.5
VP001,released,5.0,19.5
VP002,released,5.0,10.0
VP003,released,5.0,9.5
VP004,released,5.5,35.0
VP005,released,8.0,11.5
VP006,released,5.0,8.5
VP007,released,5.5,12.5
VP008,released,5.5,11.0
VP009,released,11.5,25.5
VP010,released,8.5,15.5
VP011,released,7.5,20.5
VP012,released,6.5,20.5
VP013,released,7.0,15.5
VP014,released,10.5,14.5
VP015,released,9.5,12.5
VP016,released,5.0,11.5
VP017,released,6.5,11.5
VP018,released,5.0,10.5
VP019,released,5.0,7.0
VP020,released,18.5,22.5
VP021,released,23.5,35.0
VP022,released,5.5,19.5
VP023,released,13.5,20.5
VP024,released,7.5,11.5
VP025,released,5.0,9.0
VP026,released,5.0,16.5
