subject,run,window_end_s,accuracy
VP001,paper,-5,0.555
VP001,paper,-4,0.53
VP001,paper,-3,0.4383333333333333
VP001,paper,-2,0.4416666666666667
VP001,paper,-1,0.5033333333333333
VP001,paper,0,0.4883333333333334
VP001,paper,1,0.5349999999999999
VP001,paper,2,0.725
VP001,paper,3,0.8183333333333331
VP001,paper,4,0.8833333333333334
VP001,paper,5,0.9016666666666666
VP001,paper,6,0.8800000000000001
VP001,paper,7,0.7483333333333333
VP001,paper,8,0.69
VP001,paper,9,0.625
VP001,paper,10,0.6183333333333333
VP001,paper,11,0.6916666666666668
VP001,paper,12,0.6616666666666668
VP001,paper,13,0.6833333333333333
VP001,paper,14,0.6366666666666666
VP001,paper,15,0.5750000000000001
VP001,paper,16,0.5416666666666666
VP001,paper,17,0.5416666666666667
VP001,paper,18,0.51
VP001,paper,19,0.5183333333333333
VP001,paper,20,0.52
VP001,paper,21,0.5266666666666666
VP001,paper,22,0.5083333333333334
VP001,paper,23,0.4950000000000001
VP001,paper,24,0.5483333333333333
VP001,paper,25,0.49333333333333335
VP002,paper,-5,0.48166666666666663
VP002,paper,-4,0.43500000000000005
VP002,paper,-3,0.4983333333333334
VP002,paper,-2,0.45833333333333337
VP002,paper,-1,0.41666666666666663
VP002,paper,0,0.39499999999999996
VP002,paper,1,0.5266666666666667
VP002,paper,2,0.6833333333333333
VP002,paper,3,0.6799999999999999
VP002,paper,4,0.6683333333333333
VP002,paper,5,0.7133333333333334
VP002,paper,6,0.7699999999999999
VP002,paper,7,0.6933333333333335
VP002,paper,8,0.7283333333333334
VP002,paper,9,0.7616666666666666
VP002,paper,10,0.7416666666666667
VP002,paper,11,0.7250000000000001
VP002,paper,12,0.675
VP002,paper,13,0.6033333333333334
VP002,paper,14,0.6483333333333334
VP002,paper,15,0.5983333333333334
VP002,paper,16,0.5900000000000001
VP002,paper,17,0.5216666666666667
VP002,paper,18,0.5383333333333333
VP002,paper,19,0.5533333333333332
VP002,paper,20,0.5433333333333332
VP002,paper,21,0.5366666666666667
VP002,paper,22,0.46333333333333326
VP002,paper,23,0.5083333333333333
VP002,paper,24,0.5183333333333333
VP002,paper,25,0.5316666666666666
VP003,paper,-5,0.4600000000000001
VP003,paper,-4,0.45499999999999996
VP003,paper,-3,0.44666666666666666
VP003,paper,-2,0.5133333333333333
VP003,paper,-1,0.5766666666666668
VP003,paper,0,0.5683333333333332
VP003,paper,1,0.73
VP003,paper,2,0.7849999999999999
VP003,paper,3,0.85
VP003,paper,4,0.8883333333333334
VP003,paper,5,0.9433333333333334
VP003,paper,6,0.93
VP003,paper,7,0.9266666666666667
VP003,paper,8,0.915
VP003,paper,9,0.8566666666666667
VP003,paper,10,0.8083333333333332
VP003,paper,11,0.8033333333333333
VP003,paper,12,0.755
VP003,paper,13,0.7333333333333334
VP003,paper,14,0.7150000000000001
VP003,paper,15,0.7000000000000001
VP003,paper,16,0.6866666666666668
VP003,paper,17,0.6366666666666667
VP003,paper,18,0.6166666666666666
VP003,paper,19,0.5733333333333333
VP003,paper,20,0.5399999999999999
VP003,paper,21,0.5983333333333333
VP003,paper,22,0.5333333333333333
VP003,paper,23,0.5783333333333333
VP003,paper,24,0.5783333333333334
VP003,paper,25,0.5783333333333333
VP004,paper,-5,0.4766666666666667
VP004,paper,-4,0.48166666666666663
VP004,paper,-3,0.38
VP004,paper,-2,0.3716666666666667
VP004,paper,-1,0.3983333333333333
VP004,paper,0,0.445
VP004,paper,1,0.5816666666666667
VP004,paper,2,0.6716666666666667
VP004,paper,3,0.7266666666666667
VP004,paper,4,0.7816666666666666
VP004,paper,5,0.7649999999999999
VP004,paper,6,0.7966666666666665
VP004,paper,7,0.7516666666666667
VP004,paper,8,0.7333333333333333
VP004,paper,9,0.7216666666666668
VP004,paper,10,0.7100000000000001
VP004,paper,11,0.6616666666666667
VP004,paper,12,0.5683333333333334
VP004,paper,13,0.5116666666666666
VP004,paper,14,0.5516666666666665
VP004,paper,15,0.5483333333333335
VP004,paper,16,0.48
VP004,paper,17,0.5516666666666666
VP004,paper,18,0.5333333333333333
VP004,paper,19,0.5349999999999999
VP004,paper,20,0.5800000000000001
VP004,paper,21,0.5316666666666667
VP004,paper,22,0.515
VP004,paper,23,0.4866666666666667
VP004,paper,24,0.5083333333333333
VP004,paper,25,0.5516666666666666
VP005,paper,-5,0.38833333333333336
VP005,paper,-4,0.4800000000000001
VP005,paper,-3,0.41
VP005,paper,-2,0.42666666666666664
VP005,paper,-1,0.37833333333333335
VP005,paper,0,0.4666666666666667
VP005,paper,1,0.5333333333333334
VP005,paper,2,0.6
VP005,paper,3,0.6133333333333333
VP005,paper,4,0.635
VP005,paper,5,0.6583333333333333
VP005,paper,6,0.6849999999999999
VP005,paper,7,0.6833333333333333
VP005,paper,8,0.685
VP005,paper,9,0.6816666666666668
VP005,paper,10,0.6933333333333334
VP005,paper,11,0.6900000000000002
VP005,paper,12,0.6733333333333335
VP005,paper,13,0.5649999999999998
VP005,paper,14,0.49333333333333346
VP005,paper,15,0.4683333333333334
VP005,paper,16,0.44833333333333336
VP005,paper,17,0.47666666666666674
VP005,paper,18,0.5033333333333333
VP005,paper,19,0.5349999999999999
VP005,paper,20,0.4716666666666667
VP005,paper,21,0.445
VP005,paper,22,0.425
VP005,paper,23,0.47166666666666657
VP005,paper,24,0.4333333333333333
VP005,paper,25,0.4416666666666667
VP006,paper,-5,0.45499999999999996
VP006,paper,-4,0.4333333333333334
VP006,paper,-3,0.45499999999999996
VP006,paper,-2,0.5233333333333334
VP006,paper,-1,0.7166666666666666
VP006,paper,0,0.7050000000000001
VP006,paper,1,0.6616666666666667
VP006,paper,2,0.7233333333333334
VP006,paper,3,0.7466666666666666
VP006,paper,4,0.6666666666666667
VP006,paper,5,0.6416666666666666
VP006,paper,6,0.5433333333333333
VP006,paper,7,0.5033333333333333
VP006,paper,8,0.4966666666666667
VP006,paper,9,0.5149999999999999
VP006,paper,10,0.505
VP006,paper,11,0.45
VP006,paper,12,0.5849999999999999
VP006,paper,13,0.58
VP006,paper,14,0.6216666666666667
VP006,paper,15,0.6433333333333333
VP006,paper,16,0.51
VP006,paper,17,0.44833333333333336
VP006,paper,18,0.46333333333333326
VP006,paper,19,0.4033333333333333
VP006,paper,20,0.3233333333333333
VP006,paper,21,0.3616666666666667
VP006,paper,22,0.35500000000000004
VP006,paper,23,0.3733333333333333
VP006,paper,24,0.4216666666666667
VP006,paper,25,0.4450000000000001
VP007,paper,-5,0.4566666666666667
VP007,paper,-4,0.45499999999999996
VP007,paper,-3,0.4333333333333333
VP007,paper,-2,0.4966666666666667
VP007,paper,-1,0.5616666666666668
VP007,paper,0,0.7283333333333334
VP007,paper,1,0.7633333333333333
VP007,paper,2,0.8149999999999998
VP007,paper,3,0.7999999999999999
VP007,paper,4,0.8483333333333333
VP007,paper,5,0.8366666666666667
VP007,paper,6,0.8683333333333332
VP007,paper,7,0.8333333333333333
VP007,paper,8,0.8716666666666668
VP007,paper,9,0.8516666666666668
VP007,paper,10,0.8549999999999999
VP007,paper,11,0.8466666666666667
VP007,paper,12,0.8216666666666665
VP007,paper,13,0.7366666666666667
VP007,paper,14,0.5816666666666667
VP007,paper,15,0.595
VP007,paper,16,0.5516666666666666
VP007,paper,17,0.6366666666666666
VP007,paper,18,0.6333333333333333
VP007,paper,19,0.6166666666666666
VP007,paper,20,0.6116666666666666
VP007,paper,21,0.645
VP007,paper,22,0.5449999999999999
VP007,paper,23,0.5783333333333333
VP007,paper,24,0.525
VP007,paper,25,0.53
VP008,paper,-5,0.505
VP008,paper,-4,0.43833333333333335
VP008,paper,-3,0.465
VP008,paper,-2,0.5133333333333334
VP008,paper,-1,0.575
VP008,paper,0,0.6
VP008,paper,1,0.7033333333333334
VP008,paper,2,0.6766666666666666
VP008,paper,3,0.6633333333333333
VP008,paper,4,0.6566666666666667
VP008,paper,5,0.6516666666666666
VP008,paper,6,0.6316666666666666
VP008,paper,7,0.5783333333333334
VP008,paper,8,0.5633333333333332
VP008,paper,9,0.5483333333333332
VP008,paper,10,0.575
VP008,paper,11,0.5799999999999998
VP008,paper,12,0.5666666666666667
VP008,paper,13,0.5583333333333333
VP008,paper,14,0.6116666666666667
VP008,paper,15,0.5783333333333334
VP008,paper,16,0.5766666666666665
VP008,paper,17,0.5483333333333332
VP008,paper,18,0.55
VP008,paper,19,0.52
VP008,paper,20,0.495
VP008,paper,21,0.5733333333333334
VP008,paper,22,0.5983333333333333
VP008,paper,23,0.5850000000000001
VP008,paper,24,0.5316666666666666
VP008,paper,25,0.5366666666666667
VP009,paper,-5,0.44666666666666666
VP009,paper,-4,0.4566666666666667
VP009,paper,-3,0.39666666666666667
VP009,paper,-2,0.39166666666666666
VP009,paper,-1,0.45166666666666666
VP009,paper,0,0.5383333333333333
VP009,paper,1,0.5816666666666667
VP009,paper,2,0.6799999999999999
VP009,paper,3,0.7883333333333333
VP009,paper,4,0.7416666666666667
VP009,paper,5,0.74
VP009,paper,6,0.73
VP009,paper,7,0.7899999999999998
VP009,paper,8,0.7533333333333333
VP009,paper,9,0.6933333333333335
VP009,paper,10,0.7633333333333334
VP009,paper,11,0.7366666666666667
VP009,paper,12,0.6916666666666668
VP009,paper,13,0.6916666666666667
VP009,paper,14,0.6233333333333333
VP009,paper,15,0.6283333333333332
VP009,paper,16,0.5900000000000001
VP009,paper,17,0.525
VP009,paper,18,0.5883333333333334
VP009,paper,19,0.5366666666666667
VP009,paper,20,0.59
VP009,paper,21,0.585
VP009,paper,22,0.545
VP009,paper,23,0.5450000000000002
VP009,paper,24,0.525
VP009,paper,25,0.5233333333333332
VP010,paper,-5,0.45499999999999996
VP010,paper,-4,0.5033333333333333
VP010,paper,-3,0.4916666666666666
VP010,paper,-2,0.5666666666666667
VP010,paper,-1,0.6166666666666665
VP010,paper,0,0.6283333333333335
VP010,paper,1,0.705
VP010,paper,2,0.67
VP010,paper,3,0.7266666666666667
VP010,paper,4,0.7366666666666667
VP010,paper,5,0.7949999999999999
VP010,paper,6,0.8016666666666665
VP010,paper,7,0.7899999999999999
VP010,paper,8,0.8116666666666665
VP010,paper,9,0.8133333333333332
VP010,paper,10,0.8016666666666665
VP010,paper,11,0.7466666666666667
VP010,paper,12,0.7383333333333334
VP010,paper,13,0.6983333333333334
VP010,paper,14,0.685
VP010,paper,15,0.6366666666666667
VP010,paper,16,0.5516666666666666
VP010,paper,17,0.51
VP010,paper,18,0.5516666666666666
VP010,paper,19,0.5833333333333333
VP010,paper,20,0.5666666666666667
VP010,paper,21,0.5883333333333334
VP010,paper,22,0.55
VP010,paper,23,0.4966666666666667
VP010,paper,24,0.4883333333333333
VP010,paper,25,0.48999999999999994
VP011,paper,-5,0.465
VP011,paper,-4,0.43
VP011,paper,-3,0.49333333333333335
VP011,paper,-2,0.59
VP011,paper,-1,0.605
VP011,paper,0,0.6433333333333333
VP011,paper,1,0.6716666666666667
VP011,paper,2,0.7016666666666667
VP011,paper,3,0.705
VP011,paper,4,0.7033333333333334
VP011,paper,5,0.7183333333333334
VP011,paper,6,0.6916666666666667
VP011,paper,7,0.755
VP011,paper,8,0.735
VP011,paper,9,0.8116666666666668
VP011,paper,10,0.7483333333333333
VP011,paper,11,0.6966666666666668
VP011,paper,12,0.6300000000000001
VP011,paper,13,0.5966666666666665
VP011,paper,14,0.5766666666666665
VP011,paper,15,0.61
VP011,paper,16,0.6633333333333333
VP011,paper,17,0.5866666666666666
VP011,paper,18,0.6283333333333332
VP011,paper,19,0.5016666666666667
VP011,paper,20,0.5066666666666667
VP011,paper,21,0.4133333333333334
VP011,paper,22,0.39333333333333337
VP011,paper,23,0.43833333333333335
VP011,paper,24,0.425
VP011,paper,25,0.35666666666666663
VP012,paper,-5,0.5316666666666666
VP012,paper,-4,0.49333333333333335
VP012,paper,-3,0.5333333333333334
VP012,paper,-2,0.5666666666666667
VP012,paper,-1,0.6
VP012,paper,0,0.7050000000000001
VP012,paper,1,0.755
VP012,paper,2,0.75
VP012,paper,3,0.7649999999999999
VP012,paper,4,0.7783333333333332
VP012,paper,5,0.7999999999999999
VP012,paper,6,0.86
VP012,paper,7,0.8666666666666666
VP012,paper,8,0.89
VP012,paper,9,0.9183333333333336
VP012,paper,10,0.9366666666666668
VP012,paper,11,0.9366666666666668
VP012,paper,12,0.915
VP012,paper,13,0.82
VP012,paper,14,0.74
VP012,paper,15,0.6300000000000001
VP012,paper,16,0.6116666666666667
VP012,paper,17,0.5566666666666666
VP012,paper,18,0.5333333333333333
VP012,paper,19,0.5466666666666666
VP012,paper,20,0.5599999999999999
VP012,paper,21,0.5016666666666667
VP012,paper,22,0.475
VP012,paper,23,0.45166666666666677
VP012,paper,24,0.4666666666666667
VP012,paper,25,0.5633333333333334
VP013,paper,-5,0.36
VP013,paper,-4,0.4483333333333334
VP013,paper,-3,0.48500000000000004
VP013,paper,-2,0.42333333333333334
VP013,paper,-1,0.43999999999999995
VP013,paper,0,0.5399999999999999
VP013,paper,1,0.5616666666666665
VP013,paper,2,0.5633333333333332
VP013,paper,3,0.5833333333333333
VP013,paper,4,0.585
VP013,paper,5,0.7066666666666667
VP013,paper,6,0.6383333333333334
VP013,paper,7,0.6683333333333333
VP013,paper,8,0.6266666666666666
VP013,paper,9,0.5883333333333333
VP013,paper,10,0.5883333333333334
VP013,paper,11,0.6533333333333333
VP013,paper,12,0.6083333333333333
VP013,paper,13,0.6066666666666667
VP013,paper,14,0.605
VP013,paper,15,0.5083333333333334
VP013,paper,16,0.39666666666666667
VP013,paper,17,0.4683333333333334
VP013,paper,18,0.5216666666666667
VP013,paper,19,0.4716666666666667
VP013,paper,20,0.5533333333333333
VP013,paper,21,0.5
VP013,paper,22,0.4966666666666667
VP013,paper,23,0.4716666666666667
VP013,paper,24,0.4716666666666667
VP013,paper,25,0.4416666666666667
VP014,paper,-5,0.5066666666666667
VP014,paper,-4,0.4366666666666667
VP014,paper,-3,0.3466666666666667
VP014,paper,-2,0.3416666666666667
VP014,paper,-1,0.3983333333333334
VP014,paper,0,0.5116666666666667
VP014,paper,1,0.65
VP014,paper,2,0.7666666666666666
VP014,paper,3,0.8066666666666666
VP014,paper,4,0.7899999999999999
VP014,paper,5,0.8399999999999999
VP014,paper,6,0.7649999999999999
VP014,paper,7,0.8483333333333333
VP014,paper,8,0.8316666666666664
VP014,paper,9,0.8466666666666667
VP014,paper,10,0.8183333333333331
VP014,paper,11,0.8433333333333332
VP014,paper,12,0.7816666666666666
VP014,paper,13,0.7350000000000001
VP014,paper,14,0.6116666666666667
VP014,paper,15,0.635
VP014,paper,16,0.58
VP014,paper,17,0.5533333333333332
VP014,paper,18,0.53
VP014,paper,19,0.4716666666666668
VP014,paper,20,0.4916666666666667
VP014,paper,21,0.45666666666666667
VP014,paper,22,0.4766666666666667
VP014,paper,23,0.5416666666666667
VP014,paper,24,0.6516666666666666
VP014,paper,25,0.5316666666666666
VP015,paper,-5,0.44499999999999995
VP015,paper,-4,0.445
VP015,paper,-3,0.4583333333333333
VP015,paper,-2,0.4883333333333334
VP015,paper,-1,0.5016666666666667
VP015,paper,0,0.4916666666666667
VP015,paper,1,0.5066666666666666
VP015,paper,2,0.5283333333333334
VP015,paper,3,0.49833333333333335
VP015,paper,4,0.5583333333333332
VP015,paper,5,0.5399999999999999
VP015,paper,6,0.5633333333333332
VP015,paper,7,0.6233333333333333
VP015,paper,8,0.6433333333333333
VP015,paper,9,0.7033333333333334
VP015,paper,10,0.6783333333333335
VP015,paper,11,0.5799999999999998
VP015,paper,12,0.5483333333333335
VP015,paper,13,0.4683333333333334
VP015,paper,14,0.47333333333333333
VP015,paper,15,0.5266666666666666
VP015,paper,16,0.5799999999999998
VP015,paper,17,0.5449999999999999
VP015,paper,18,0.5233333333333332
VP015,paper,19,0.5566666666666666
VP015,paper,20,0.5183333333333333
VP015,paper,21,0.4716666666666667
VP015,paper,22,0.485
VP015,paper,23,0.4800000000000001
VP015,paper,24,0.4133333333333334
VP015,paper,25,0.4083333333333333
VP016,paper,-5,0.45166666666666677
VP016,paper,-4,0.4616666666666667
VP016,paper,-3,0.43999999999999995
VP016,paper,-2,0.47333333333333344
VP016,paper,-1,0.4966666666666667
VP016,paper,0,0.5900000000000001
VP016,paper,1,0.6
VP016,paper,2,0.5933333333333333
VP016,paper,3,0.54
VP016,paper,4,0.6133333333333335
VP016,paper,5,0.645
VP016,paper,6,0.6683333333333333
VP016,paper,7,0.68
VP016,paper,8,0.6900000000000002
VP016,paper,9,0.7033333333333334
VP016,paper,10,0.7416666666666667
VP016,paper,11,0.735
VP016,paper,12,0.685
VP016,paper,13,0.6433333333333333
VP016,paper,14,0.6116666666666667
VP016,paper,15,0.5183333333333333
VP016,paper,16,0.4833333333333333
VP016,paper,17,0.475
VP016,paper,18,0.4883333333333333
VP016,paper,19,0.4616666666666667
VP016,paper,20,0.45166666666666666
VP016,paper,21,0.36666666666666664
VP016,paper,22,0.42333333333333334
VP016,paper,23,0.4883333333333334
VP016,paper,24,0.44833333333333336
VP016,paper,25,0.43166666666666664
VP017,paper,-5,0.5566666666666666
VP017,paper,-4,0.545
VP017,paper,-3,0.545
VP017,paper,-2,0.51
VP017,paper,-1,0.45500000000000007
VP017,paper,0,0.5149999999999999
VP017,paper,1,0.6466666666666667
VP017,paper,2,0.6916666666666668
VP017,paper,3,0.685
VP017,paper,4,0.72
VP017,paper,5,0.7533333333333333
VP017,paper,6,0.7433333333333333
VP017,paper,7,0.6983333333333335
VP017,paper,8,0.6716666666666667
VP017,paper,9,0.6950000000000001
VP017,paper,10,0.6666666666666667
VP017,paper,11,0.6783333333333335
VP017,paper,12,0.7233333333333334
VP017,paper,13,0.6599999999999999
VP017,paper,14,0.6683333333333333
VP017,paper,15,0.6516666666666667
VP017,paper,16,0.615
VP017,paper,17,0.505
VP017,paper,18,0.4883333333333334
VP017,paper,19,0.5383333333333333
VP017,paper,20,0.5783333333333334
VP017,paper,21,0.5033333333333333
VP017,paper,22,0.5383333333333333
VP017,paper,23,0.5883333333333333
VP017,paper,24,0.5583333333333333
VP017,paper,25,0.5149999999999999
VP018,paper,-5,0.4366666666666667
VP018,paper,-4,0.4883333333333333
VP018,paper,-3,0.5433333333333333
VP018,paper,-2,0.43166666666666664
VP018,paper,-1,0.5433333333333332
VP018,paper,0,0.7166666666666667
VP018,paper,1,0.8399999999999999
VP018,paper,2,0.8583333333333332
VP018,paper,3,0.8399999999999999
VP018,paper,4,0.8283333333333334
VP018,paper,5,0.7766666666666666
VP018,paper,6,0.8049999999999999
VP018,paper,7,0.7983333333333333
VP018,paper,8,0.8033333333333333
VP018,paper,9,0.8266666666666665
VP018,paper,10,0.82
VP018,paper,11,0.8466666666666665
VP018,paper,12,0.8516666666666666
VP018,paper,13,0.7866666666666666
VP018,paper,14,0.6616666666666667
VP018,paper,15,0.5616666666666666
VP018,paper,16,0.5683333333333332
VP018,paper,17,0.6049999999999999
VP018,paper,18,0.6466666666666667
VP018,paper,19,0.5833333333333333
VP018,paper,20,0.57
VP018,paper,21,0.58
VP018,paper,22,0.6233333333333334
VP018,paper,23,0.6066666666666667
VP018,paper,24,0.6016666666666667
VP018,paper,25,0.5666666666666667
VP019,paper,-5,0.41000000000000003
VP019,paper,-4,0.42666666666666675
VP019,paper,-3,0.36333333333333334
VP019,paper,-2,0.4166666666666667
VP019,paper,-1,0.47000000000000003
VP019,paper,0,0.5
VP019,paper,1,0.4416666666666667
VP019,paper,2,0.49833333333333335
VP019,paper,3,0.5
VP019,paper,4,0.51
VP019,paper,5,0.5533333333333333
VP019,paper,6,0.5383333333333333
VP019,paper,7,0.5199999999999999
VP019,paper,8,0.5466666666666666
VP019,paper,9,0.5483333333333333
VP019,paper,10,0.48166666666666663
VP019,paper,11,0.5766666666666667
VP019,paper,12,0.565
VP019,paper,13,0.49833333333333335
VP019,paper,14,0.4716666666666667
VP019,paper,15,0.5249999999999999
VP019,paper,16,0.4833333333333333
VP019,paper,17,0.47000000000000003
VP019,paper,18,0.4833333333333333
VP019,paper,19,0.4883333333333334
VP019,paper,20,0.5083333333333333
VP019,paper,21,0.5483333333333333
VP019,paper,22,0.5466666666666666
VP019,paper,23,0.5899999999999999
VP019,paper,24,0.5933333333333333
VP019,paper,25,0.5866666666666667
VP020,paper,-5,0.4633333333333334
VP020,paper,-4,0.505
VP020,paper,-3,0.4566666666666667
VP020,paper,-2,0.525
VP020,paper,-1,0.5016666666666667
VP020,paper,0,0.4366666666666667
VP020,paper,1,0.5166666666666667
VP020,paper,2,0.5983333333333334
VP020,paper,3,0.685
VP020,paper,4,0.74
VP020,paper,5,0.7550000000000001
VP020,paper,6,0.7366666666666667
VP020,paper,7,0.8083333333333332
VP020,paper,8,0.7616666666666666
VP020,paper,9,0.7716666666666667
VP020,paper,10,0.8299999999999998
VP020,paper,11,0.8216666666666667
VP020,paper,12,0.8383333333333333
VP020,paper,13,0.7633333333333334
VP020,paper,14,0.6816666666666668
VP020,paper,15,0.605
VP020,paper,16,0.5383333333333333
VP020,paper,17,0.4833333333333334
VP020,paper,18,0.5066666666666667
VP020,paper,19,0.4866666666666667
VP020,paper,20,0.4616666666666667
VP020,paper,21,0.3933333333333333
VP020,paper,22,0.41
VP020,paper,23,0.42000000000000004
VP020,paper,24,0.4783333333333334
VP020,paper,25,0.4200000000000001
VP021,paper,-5,0.4216666666666667
VP021,paper,-4,0.375
VP021,paper,-3,0.4016666666666667
VP021,paper,-2,0.37499999999999994
VP021,paper,-1,0.4533333333333333
VP021,paper,0,0.5233333333333333
VP021,paper,1,0.5266666666666666
VP021,paper,2,0.5433333333333333
VP021,paper,3,0.5466666666666666
VP021,paper,4,0.5316666666666666
VP021,paper,5,0.4766666666666667
VP021,paper,6,0.5066666666666666
VP021,paper,7,0.5249999999999999
VP021,paper,8,0.4966666666666667
VP021,paper,9,0.5599999999999999
VP021,paper,10,0.5399999999999999
VP021,paper,11,0.5183333333333333
VP021,paper,12,0.5000000000000001
VP021,paper,13,0.5133333333333333
VP021,paper,14,0.5083333333333333
VP021,paper,15,0.525
VP021,paper,16,0.48500000000000004
VP021,paper,17,0.485
VP021,paper,18,0.4833333333333333
VP021,paper,19,0.4616666666666667
VP021,paper,20,0.49833333333333335
VP021,paper,21,0.4716666666666667
VP021,paper,22,0.48166666666666674
VP021,paper,23,0.5033333333333334
VP021,paper,24,0.5016666666666667
VP021,paper,25,0.5083333333333333
VP022,paper,-5,0.43166666666666675
VP022,paper,-4,0.3833333333333334
VP022,paper,-3,0.3716666666666667
VP022,paper,-2,0.4733333333333333
VP022,paper,-1,0.575
VP022,paper,0,0.6716666666666666
VP022,paper,1,0.7816666666666666
VP022,paper,2,0.78
VP022,paper,3,0.8566666666666667
VP022,paper,4,0.8483333333333334
VP022,paper,5,0.8716666666666668
VP022,paper,6,0.905
VP022,paper,7,0.9200000000000002
VP022,paper,8,0.9433333333333334
VP022,paper,9,0.9383333333333335
VP022,paper,10,0.9416666666666668
VP022,paper,11,0.925
VP022,paper,12,0.9033333333333335
VP022,paper,13,0.8299999999999998
VP022,paper,14,0.745
VP022,paper,15,0.7016666666666665
VP022,paper,16,0.62
VP022,paper,17,0.5700000000000001
VP022,paper,18,0.5583333333333333
VP022,paper,19,0.5566666666666668
VP022,paper,20,0.5866666666666666
VP022,paper,21,0.5766666666666667
VP022,paper,22,0.5883333333333333
VP022,paper,23,0.5416666666666667
VP022,paper,24,0.4966666666666667
VP022,paper,25,0.44833333333333336
VP023,paper,-5,0.43999999999999995
VP023,paper,-4,0.43500000000000005
VP023,paper,-3,0.3516666666666667
VP023,paper,-2,0.3383333333333333
VP023,paper,-1,0.39166666666666666
VP023,paper,0,0.4633333333333334
VP023,paper,1,0.54
VP023,paper,2,0.6233333333333333
VP023,paper,3,0.7216666666666667
VP023,paper,4,0.7766666666666666
VP023,paper,5,0.7433333333333334
VP023,paper,6,0.7783333333333332
VP023,paper,7,0.7933333333333332
VP023,paper,8,0.7933333333333332
VP023,paper,9,0.7616666666666667
VP023,paper,10,0.7966666666666666
VP023,paper,11,0.7916666666666666
VP023,paper,12,0.7816666666666666
VP023,paper,13,0.7866666666666666
VP023,paper,14,0.6883333333333332
VP023,paper,15,0.6049999999999999
VP023,paper,16,0.53
VP023,paper,17,0.5233333333333333
VP023,paper,18,0.5333333333333334
VP023,paper,19,0.5016666666666667
VP023,paper,20,0.485
VP023,paper,21,0.5083333333333333
VP023,paper,22,0.44666666666666666
VP023,paper,23,0.45833333333333337
VP023,paper,24,0.4333333333333333
VP023,paper,25,0.5
VP024,paper,-5,0.43499999999999994
VP024,paper,-4,0.5016666666666667
VP024,paper,-3,0.49499999999999994
VP024,paper,-2,0.45
VP024,paper,-1,0.4250000000000001
VP024,paper,0,0.4966666666666667
VP024,paper,1,0.6183333333333334
VP024,paper,2,0.7316666666666667
VP024,paper,3,0.7783333333333333
VP024,paper,4,0.8516666666666668
VP024,paper,5,0.8116666666666665
VP024,paper,6,0.8116666666666668
VP024,paper,7,0.7716666666666666
VP024,paper,8,0.7383333333333334
VP024,paper,9,0.7083333333333333
VP024,paper,10,0.6916666666666668
VP024,paper,11,0.7383333333333334
VP024,paper,12,0.6866666666666668
VP024,paper,13,0.6783333333333335
VP024,paper,14,0.5816666666666667
VP024,paper,15,0.4916666666666667
VP024,paper,16,0.4633333333333334
VP024,paper,17,0.4566666666666667
VP024,paper,18,0.5016666666666667
VP024,paper,19,0.5366666666666666
VP024,paper,20,0.6566666666666666
VP024,paper,21,0.6599999999999999
VP024,paper,22,0.5866666666666667
VP024,paper,23,0.6016666666666666
VP024,paper,24,0.565
VP024,paper,25,0.5733333333333334
VP025,paper,-5,0.525
VP025,paper,-4,0.5133333333333334
VP025,paper,-3,0.4866666666666667
VP025,paper,-2,0.5183333333333333
VP025,paper,-1,0.4716666666666667
VP025,paper,0,0.4716666666666667
VP025,paper,1,0.48166666666666674
VP025,paper,2,0.6066666666666667
VP025,paper,3,0.6716666666666666
VP025,paper,4,0.6733333333333335
VP025,paper,5,0.7533333333333333
VP025,paper,6,0.7233333333333334
VP025,paper,7,0.7100000000000002
VP025,paper,8,0.6883333333333334
VP025,paper,9,0.6716666666666667
VP025,paper,10,0.6533333333333333
VP025,paper,11,0.6083333333333332
VP025,paper,12,0.5966666666666667
VP025,paper,13,0.6500000000000001
VP025,paper,14,0.6249999999999999
VP025,paper,15,0.5733333333333334
VP025,paper,16,0.5216666666666666
VP025,paper,17,0.565
VP025,paper,18,0.5433333333333333
VP025,paper,19,0.605
VP025,paper,20,0.5816666666666667
VP025,paper,21,0.635
VP025,paper,22,0.595
VP025,paper,23,0.6449999999999998
VP025,paper,24,0.6583333333333334
VP025,paper,25,0.43499999999999994
VP026,paper,-5,0.41
VP026,paper,-4,0.48500000000000004
VP026,paper,-3,0.5483333333333333
VP026,paper,-2,0.5516666666666665
VP026,paper,-1,0.5616666666666666
VP026,paper,0,0.6200000000000001
VP026,paper,1,0.6183333333333332
VP026,paper,2,0.6716666666666666
VP026,paper,3,0.6783333333333335
VP026,paper,4,0.6666666666666667
VP026,paper,5,0.7150000000000001
VP026,paper,6,0.7966666666666666
VP026,paper,7,0.8016666666666665
VP026,paper,8,0.8549999999999999
VP026,paper,9,0.8099999999999999
VP026,paper,10,0.7183333333333334
VP026,paper,11,0.7050000000000001
VP026,paper,12,0.7150000000000001
VP026,paper,13,0.6383333333333333
VP026,paper,14,0.6566666666666666
VP026,paper,15,0.675
VP026,paper,16,0.67
VP026,paper,17,0.66
VP026,paper,18,0.6016666666666666
VP026,paper,19,0.6516666666666667
VP026,paper,20,0.5966666666666666
VP026,paper,21,0.5216666666666666
VP026,paper,22,0.5233333333333333
VP026,paper,23,0.6033333333333334
VP026,paper,24,0.5566666666666666
VP026,paper,25,0.5016666666666667
VP001,paper_nested_band,-5,0.55
VP001,paper_nested_band,-4,0.5233333333333333
VP001,paper_nested_band,-3,0.4333333333333333
VP001,paper_nested_band,-2,0.45500000000000007
VP001,paper_nested_band,-1,0.49499999999999994
VP001,paper_nested_band,0,0.4966666666666667
VP001,paper_nested_band,1,0.5333333333333333
VP001,paper_nested_band,2,0.72
VP001,paper_nested_band,3,0.8183333333333331
VP001,paper_nested_band,4,0.8866666666666667
VP001,paper_nested_band,5,0.9016666666666667
VP001,paper_nested_band,6,0.8783333333333333
VP001,paper_nested_band,7,0.75
VP001,paper_nested_band,8,0.6783333333333332
VP001,paper_nested_band,9,0.6216666666666666
VP001,paper_nested_band,10,0.6116666666666667
VP001,paper_nested_band,11,0.6766666666666666
VP001,paper_nested_band,12,0.6583333333333333
VP001,paper_nested_band,13,0.6633333333333333
VP001,paper_nested_band,14,0.6516666666666666
VP001,paper_nested_band,15,0.5866666666666667
VP001,paper_nested_band,16,0.55
VP001,paper_nested_band,17,0.5316666666666666
VP001,paper_nested_band,18,0.5066666666666666
VP001,paper_nested_band,19,0.5216666666666667
VP001,paper_nested_band,20,0.5233333333333333
VP001,paper_nested_band,21,0.54
VP001,paper_nested_band,22,0.51
VP001,paper_nested_band,23,0.5016666666666667
VP001,paper_nested_band,24,0.5466666666666666
VP001,paper_nested_band,25,0.49333333333333335
VP002,paper_nested_band,-5,0.45
VP002,paper_nested_band,-4,0.4
VP002,paper_nested_band,-3,0.4583333333333333
VP002,paper_nested_band,-2,0.42666666666666664
VP002,paper_nested_band,-1,0.44333333333333336
VP002,paper_nested_band,0,0.4416666666666667
VP002,paper_nested_band,1,0.5583333333333333
VP002,paper_nested_band,2,0.6500000000000001
VP002,paper_nested_band,3,0.6866666666666668
VP002,paper_nested_band,4,0.7000000000000001
VP002,paper_nested_band,5,0.7166666666666667
VP002,paper_nested_band,6,0.77
VP002,paper_nested_band,7,0.7650000000000001
VP002,paper_nested_band,8,0.7866666666666667
VP002,paper_nested_band,9,0.8150000000000001
VP002,paper_nested_band,10,0.7799999999999999
VP002,paper_nested_band,11,0.7716666666666666
VP002,paper_nested_band,12,0.725
VP002,paper_nested_band,13,0.6833333333333333
VP002,paper_nested_band,14,0.6933333333333334
VP002,paper_nested_band,15,0.6066666666666667
VP002,paper_nested_band,16,0.5716666666666665
VP002,paper_nested_band,17,0.5383333333333333
VP002,paper_nested_band,18,0.53
VP002,paper_nested_band,19,0.5166666666666667
VP002,paper_nested_band,20,0.5416666666666667
VP002,paper_nested_band,21,0.5133333333333334
VP002,paper_nested_band,22,0.46499999999999997
VP002,paper_nested_band,23,0.48999999999999994
VP002,paper_nested_band,24,0.47333333333333333
VP002,paper_nested_band,25,0.4999999999999999
VP003,paper_nested_band,-5,0.44833333333333336
VP003,paper_nested_band,-4,0.45999999999999996
VP003,paper_nested_band,-3,0.445
VP003,paper_nested_band,-2,0.51
VP003,paper_nested_band,-1,0.5599999999999998
VP003,paper_nested_band,0,0.5716666666666667
VP003,paper_nested_band,1,0.7266666666666668
VP003,paper_nested_band,2,0.8
VP003,paper_nested_band,3,0.8566666666666667
VP003,paper_nested_band,4,0.8866666666666667
VP003,paper_nested_band,5,0.93
VP003,paper_nested_band,6,0.9266666666666667
VP003,paper_nested_band,7,0.905
VP003,paper_nested_band,8,0.9099999999999999
VP003,paper_nested_band,9,0.8666666666666668
VP003,paper_nested_band,10,0.8100000000000002
VP003,paper_nested_band,11,0.7983333333333333
VP003,paper_nested_band,12,0.7383333333333334
VP003,paper_nested_band,13,0.7316666666666667
VP003,paper_nested_band,14,0.7183333333333334
VP003,paper_nested_band,15,0.6950000000000001
VP003,paper_nested_band,16,0.6583333333333334
VP003,paper_nested_band,17,0.6283333333333333
VP003,paper_nested_band,18,0.5933333333333332
VP003,paper_nested_band,19,0.565
VP003,paper_nested_band,20,0.5533333333333333
VP003,paper_nested_band,21,0.5900000000000001
VP003,paper_nested_band,22,0.5366666666666667
VP003,paper_nested_band,23,0.5949999999999999
VP003,paper_nested_band,24,0.5633333333333332
VP003,paper_nested_band,25,0.5549999999999999
VP004,paper_nested_band,-5,0.48166666666666663
VP004,paper_nested_band,-4,0.4416666666666667
VP004,paper_nested_band,-3,0.3916666666666666
VP004,paper_nested_band,-2,0.375
VP004,paper_nested_band,-1,0.40166666666666667
VP004,paper_nested_band,0,0.44000000000000006
VP004,paper_nested_band,1,0.5816666666666667
VP004,paper_nested_band,2,0.6666666666666667
VP004,paper_nested_band,3,0.7183333333333335
VP004,paper_nested_band,4,0.7749999999999999
VP004,paper_nested_band,5,0.755
VP004,paper_nested_band,6,0.7833333333333333
VP004,paper_nested_band,7,0.7449999999999999
VP004,paper_nested_band,8,0.7283333333333333
VP004,paper_nested_band,9,0.7183333333333334
VP004,paper_nested_band,10,0.72
VP004,paper_nested_band,11,0.6533333333333333
VP004,paper_nested_band,12,0.5866666666666667
VP004,paper_nested_band,13,0.5149999999999999
VP004,paper_nested_band,14,0.5433333333333332
VP004,paper_nested_band,15,0.5183333333333333
VP004,paper_nested_band,16,0.48166666666666674
VP004,paper_nested_band,17,0.5483333333333332
VP004,paper_nested_band,18,0.5333333333333333
VP004,paper_nested_band,19,0.5516666666666665
VP004,paper_nested_band,20,0.57
VP004,paper_nested_band,21,0.5033333333333333
VP004,paper_nested_band,22,0.49833333333333335
VP004,paper_nested_band,23,0.48999999999999994
VP004,paper_nested_band,24,0.5050000000000001
VP004,paper_nested_band,25,0.5416666666666667
VP005,paper_nested_band,-5,0.3933333333333334
VP005,paper_nested_band,-4,0.4683333333333334
VP005,paper_nested_band,-3,0.43166666666666664
VP005,paper_nested_band,-2,0.4583333333333333
VP005,paper_nested_band,-1,0.4116666666666666
VP005,paper_nested_band,0,0.43499999999999994
VP005,paper_nested_band,1,0.53
VP005,paper_nested_band,2,0.5966666666666667
VP005,paper_nested_band,3,0.595
VP005,paper_nested_band,4,0.6266666666666667
VP005,paper_nested_band,5,0.6516666666666666
VP005,paper_nested_band,6,0.6466666666666667
VP005,paper_nested_band,7,0.645
VP005,paper_nested_band,8,0.6799999999999999
VP005,paper_nested_band,9,0.6616666666666667
VP005,paper_nested_band,10,0.6716666666666667
VP005,paper_nested_band,11,0.6816666666666669
VP005,paper_nested_band,12,0.6516666666666666
VP005,paper_nested_band,13,0.5683333333333334
VP005,paper_nested_band,14,0.48
VP005,paper_nested_band,15,0.48
VP005,paper_nested_band,16,0.4833333333333335
VP005,paper_nested_band,17,0.4916666666666667
VP005,paper_nested_band,18,0.5033333333333333
VP005,paper_nested_band,19,0.5349999999999999
VP005,paper_nested_band,20,0.45500000000000007
VP005,paper_nested_band,21,0.4566666666666667
VP005,paper_nested_band,22,0.44000000000000006
VP005,paper_nested_band,23,0.4716666666666667
VP005,paper_nested_band,24,0.43166666666666664
VP005,paper_nested_band,25,0.44833333333333336
VP006,paper_nested_band,-5,0.5016666666666667
VP006,paper_nested_band,-4,0.45666666666666667
VP006,paper_nested_band,-3,0.43666666666666665
VP006,paper_nested_band,-2,0.515
VP006,paper_nested_band,-1,0.6766666666666665
VP006,paper_nested_band,0,0.6800000000000002
VP006,paper_nested_band,1,0.6566666666666666
VP006,paper_nested_band,2,0.6983333333333334
VP006,paper_nested_band,3,0.68
VP006,paper_nested_band,4,0.615
VP006,paper_nested_band,5,0.6133333333333333
VP006,paper_nested_band,6,0.5616666666666666
VP006,paper_nested_band,7,0.5633333333333332
VP006,paper_nested_band,8,0.545
VP006,paper_nested_band,9,0.5349999999999999
VP006,paper_nested_band,10,0.53
VP006,paper_nested_band,11,0.5016666666666667
VP006,paper_nested_band,12,0.5916666666666666
VP006,paper_nested_band,13,0.5833333333333333
VP006,paper_nested_band,14,0.5983333333333333
VP006,paper_nested_band,15,0.61
VP006,paper_nested_band,16,0.525
VP006,paper_nested_band,17,0.4749999999999999
VP006,paper_nested_band,18,0.47833333333333333
VP006,paper_nested_band,19,0.40666666666666673
VP006,paper_nested_band,20,0.3583333333333333
VP006,paper_nested_band,21,0.37
VP006,paper_nested_band,22,0.39166666666666666
VP006,paper_nested_band,23,0.385
VP006,paper_nested_band,24,0.395
VP006,paper_nested_band,25,0.41666666666666663
VP007,paper_nested_band,-5,0.4666666666666667
VP007,paper_nested_band,-4,0.4333333333333334
VP007,paper_nested_band,-3,0.445
VP007,paper_nested_band,-2,0.49000000000000005
VP007,paper_nested_band,-1,0.5583333333333333
VP007,paper_nested_band,0,0.7350000000000001
VP007,paper_nested_band,1,0.7633333333333333
VP007,paper_nested_band,2,0.8149999999999998
VP007,paper_nested_band,3,0.7966666666666666
VP007,paper_nested_band,4,0.8466666666666667
VP007,paper_nested_band,5,0.8466666666666667
VP007,paper_nested_band,6,0.8549999999999999
VP007,paper_nested_band,7,0.8366666666666666
VP007,paper_nested_band,8,0.8833333333333334
VP007,paper_nested_band,9,0.8616666666666666
VP007,paper_nested_band,10,0.8466666666666667
VP007,paper_nested_band,11,0.8366666666666667
VP007,paper_nested_band,12,0.8166666666666667
VP007,paper_nested_band,13,0.7383333333333334
VP007,paper_nested_band,14,0.5916666666666666
VP007,paper_nested_band,15,0.5899999999999999
VP007,paper_nested_band,16,0.5716666666666667
VP007,paper_nested_band,17,0.6250000000000001
VP007,paper_nested_band,18,0.6366666666666667
VP007,paper_nested_band,19,0.6033333333333333
VP007,paper_nested_band,20,0.6199999999999999
VP007,paper_nested_band,21,0.6333333333333334
VP007,paper_nested_band,22,0.5533333333333333
VP007,paper_nested_band,23,0.58
VP007,paper_nested_band,24,0.5316666666666666
VP007,paper_nested_band,25,0.515
VP008,paper_nested_band,-5,0.49333333333333335
VP008,paper_nested_band,-4,0.45499999999999996
VP008,paper_nested_band,-3,0.4783333333333334
VP008,paper_nested_band,-2,0.5050000000000001
VP008,paper_nested_band,-1,0.5633333333333332
VP008,paper_nested_band,0,0.6033333333333333
VP008,paper_nested_band,1,0.68
VP008,paper_nested_band,2,0.6566666666666665
VP008,paper_nested_band,3,0.6416666666666666
VP008,paper_nested_band,4,0.6199999999999999
VP008,paper_nested_band,5,0.6016666666666667
VP008,paper_nested_band,6,0.6016666666666667
VP008,paper_nested_band,7,0.5166666666666667
VP008,paper_nested_band,8,0.5316666666666666
VP008,paper_nested_band,9,0.5033333333333334
VP008,paper_nested_band,10,0.5533333333333335
VP008,paper_nested_band,11,0.5816666666666668
VP008,paper_nested_band,12,0.5516666666666666
VP008,paper_nested_band,13,0.5566666666666665
VP008,paper_nested_band,14,0.6066666666666667
VP008,paper_nested_band,15,0.5900000000000001
VP008,paper_nested_band,16,0.5816666666666667
VP008,paper_nested_band,17,0.5333333333333332
VP008,paper_nested_band,18,0.5499999999999999
VP008,paper_nested_band,19,0.5183333333333333
VP008,paper_nested_band,20,0.5066666666666666
VP008,paper_nested_band,21,0.5733333333333333
VP008,paper_nested_band,22,0.5733333333333334
VP008,paper_nested_band,23,0.5516666666666666
VP008,paper_nested_band,24,0.5116666666666666
VP008,paper_nested_band,25,0.5499999999999999
VP009,paper_nested_band,-5,0.4366666666666667
VP009,paper_nested_band,-4,0.42333333333333334
VP009,paper_nested_band,-3,0.39166666666666666
VP009,paper_nested_band,-2,0.3966666666666667
VP009,paper_nested_band,-1,0.45499999999999996
VP009,paper_nested_band,0,0.5399999999999999
VP009,paper_nested_band,1,0.5666666666666667
VP009,paper_nested_band,2,0.6616666666666665
VP009,paper_nested_band,3,0.7783333333333333
VP009,paper_nested_band,4,0.76
VP009,paper_nested_band,5,0.7683333333333333
VP009,paper_nested_band,6,0.7366666666666666
VP009,paper_nested_band,7,0.7666666666666667
VP009,paper_nested_band,8,0.7233333333333334
VP009,paper_nested_band,9,0.6900000000000002
VP009,paper_nested_band,10,0.7516666666666667
VP009,paper_nested_band,11,0.7366666666666667
VP009,paper_nested_band,12,0.6983333333333334
VP009,paper_nested_band,13,0.6833333333333333
VP009,paper_nested_band,14,0.6149999999999999
VP009,paper_nested_band,15,0.6549999999999999
VP009,paper_nested_band,16,0.5933333333333334
VP009,paper_nested_band,17,0.5683333333333332
VP009,paper_nested_band,18,0.5783333333333334
VP009,paper_nested_band,19,0.5283333333333333
VP009,paper_nested_band,20,0.5416666666666666
VP009,paper_nested_band,21,0.5866666666666667
VP009,paper_nested_band,22,0.51
VP009,paper_nested_band,23,0.5133333333333333
VP009,paper_nested_band,24,0.51
VP009,paper_nested_band,25,0.51
VP010,paper_nested_band,-5,0.4800000000000001
VP010,paper_nested_band,-4,0.5
VP010,paper_nested_band,-3,0.4883333333333334
VP010,paper_nested_band,-2,0.5650000000000001
VP010,paper_nested_band,-1,0.6016666666666666
VP010,paper_nested_band,0,0.6333333333333334
VP010,paper_nested_band,1,0.6933333333333334
VP010,paper_nested_band,2,0.6700000000000002
VP010,paper_nested_band,3,0.7016666666666667
VP010,paper_nested_band,4,0.6783333333333335
VP010,paper_nested_band,5,0.7466666666666667
VP010,paper_nested_band,6,0.7483333333333333
VP010,paper_nested_band,7,0.7316666666666667
VP010,paper_nested_band,8,0.7649999999999999
VP010,paper_nested_band,9,0.7633333333333334
VP010,paper_nested_band,10,0.76
VP010,paper_nested_band,11,0.745
VP010,paper_nested_band,12,0.7300000000000001
VP010,paper_nested_band,13,0.6966666666666667
VP010,paper_nested_band,14,0.645
VP010,paper_nested_band,15,0.63
VP010,paper_nested_band,16,0.5466666666666666
VP010,paper_nested_band,17,0.53
VP010,paper_nested_band,18,0.5483333333333332
VP010,paper_nested_band,19,0.5783333333333333
VP010,paper_nested_band,20,0.5633333333333332
VP010,paper_nested_band,21,0.5766666666666664
VP010,paper_nested_band,22,0.5449999999999999
VP010,paper_nested_band,23,0.4966666666666667
VP010,paper_nested_band,24,0.49000000000000005
VP010,paper_nested_band,25,0.505
VP011,paper_nested_band,-5,0.47333333333333333
VP011,paper_nested_band,-4,0.4166666666666667
VP011,paper_nested_band,-3,0.4833333333333333
VP011,paper_nested_band,-2,0.5766666666666665
VP011,paper_nested_band,-1,0.5633333333333332
VP011,paper_nested_band,0,0.6266666666666667
VP011,paper_nested_band,1,0.6383333333333334
VP011,paper_nested_band,2,0.6900000000000001
VP011,paper_nested_band,3,0.675
VP011,paper_nested_band,4,0.6866666666666668
VP011,paper_nested_band,5,0.7183333333333334
VP011,paper_nested_band,6,0.7333333333333334
VP011,paper_nested_band,7,0.7716666666666666
VP011,paper_nested_band,8,0.7583333333333333
VP011,paper_nested_band,9,0.7783333333333334
VP011,paper_nested_band,10,0.75
VP011,paper_nested_band,11,0.7000000000000001
VP011,paper_nested_band,12,0.68
VP011,paper_nested_band,13,0.6266666666666667
VP011,paper_nested_band,14,0.5783333333333334
VP011,paper_nested_band,15,0.5833333333333334
VP011,paper_nested_band,16,0.6183333333333334
VP011,paper_nested_band,17,0.5816666666666667
VP011,paper_nested_band,18,0.6033333333333333
VP011,paper_nested_band,19,0.5349999999999999
VP011,paper_nested_band,20,0.5083333333333333
VP011,paper_nested_band,21,0.425
VP011,paper_nested_band,22,0.42666666666666664
VP011,paper_nested_band,23,0.45666666666666667
VP011,paper_nested_band,24,0.39
VP011,paper_nested_band,25,0.38
VP012,paper_nested_band,-5,0.5233333333333333
VP012,paper_nested_band,-4,0.4966666666666667
VP012,paper_nested_band,-3,0.5383333333333333
VP012,paper_nested_band,-2,0.5683333333333332
VP012,paper_nested_band,-1,0.5816666666666667
VP012,paper_nested_band,0,0.6983333333333335
VP012,paper_nested_band,1,0.7583333333333333
VP012,paper_nested_band,2,0.7616666666666666
VP012,paper_nested_band,3,0.7699999999999999
VP012,paper_nested_band,4,0.7866666666666665
VP012,paper_nested_band,5,0.8016666666666665
VP012,paper_nested_band,6,0.8616666666666669
VP012,paper_nested_band,7,0.8866666666666667
VP012,paper_nested_band,8,0.89
VP012,paper_nested_band,9,0.9116666666666667
VP012,paper_nested_band,10,0.9383333333333335
VP012,paper_nested_band,11,0.9400000000000001
VP012,paper_nested_band,12,0.9216666666666666
VP012,paper_nested_band,13,0.8116666666666665
VP012,paper_nested_band,14,0.7383333333333334
VP012,paper_nested_band,15,0.645
VP012,paper_nested_band,16,0.6083333333333333
VP012,paper_nested_band,17,0.5616666666666666
VP012,paper_nested_band,18,0.49833333333333335
VP012,paper_nested_band,19,0.5349999999999999
VP012,paper_nested_band,20,0.5483333333333333
VP012,paper_nested_band,21,0.5
VP012,paper_nested_band,22,0.49833333333333335
VP012,paper_nested_band,23,0.4616666666666666
VP012,paper_nested_band,24,0.475
VP012,paper_nested_band,25,0.5366666666666666
VP013,paper_nested_band,-5,0.35666666666666663
VP013,paper_nested_band,-4,0.43166666666666664
VP013,paper_nested_band,-3,0.4333333333333333
VP013,paper_nested_band,-2,0.43166666666666664
VP013,paper_nested_band,-1,0.4666666666666667
VP013,paper_nested_band,0,0.5599999999999999
VP013,paper_nested_band,1,0.5783333333333334
VP013,paper_nested_band,2,0.5683333333333334
VP013,paper_nested_band,3,0.5766666666666667
VP013,paper_nested_band,4,0.5966666666666666
VP013,paper_nested_band,5,0.6883333333333332
VP013,paper_nested_band,6,0.64
VP013,paper_nested_band,7,0.6516666666666666
VP013,paper_nested_band,8,0.6333333333333334
VP013,paper_nested_band,9,0.6033333333333333
VP013,paper_nested_band,10,0.6016666666666668
VP013,paper_nested_band,11,0.6366666666666667
VP013,paper_nested_band,12,0.5733333333333333
VP013,paper_nested_band,13,0.5833333333333333
VP013,paper_nested_band,14,0.595
VP013,paper_nested_band,15,0.5166666666666667
VP013,paper_nested_band,16,0.43499999999999994
VP013,paper_nested_band,17,0.48166666666666674
VP013,paper_nested_band,18,0.4866666666666667
VP013,paper_nested_band,19,0.4666666666666667
VP013,paper_nested_band,20,0.5533333333333332
VP013,paper_nested_band,21,0.5283333333333333
VP013,paper_nested_band,22,0.4916666666666666
VP013,paper_nested_band,23,0.4866666666666667
VP013,paper_nested_band,24,0.42833333333333334
VP013,paper_nested_band,25,0.43166666666666675
VP014,paper_nested_band,-5,0.5183333333333333
VP014,paper_nested_band,-4,0.45999999999999996
VP014,paper_nested_band,-3,0.3883333333333333
VP014,paper_nested_band,-2,0.36666666666666664
VP014,paper_nested_band,-1,0.3883333333333333
VP014,paper_nested_band,0,0.5033333333333333
VP014,paper_nested_band,1,0.6499999999999999
VP014,paper_nested_band,2,0.7516666666666667
VP014,paper_nested_band,3,0.8116666666666665
VP014,paper_nested_band,4,0.7816666666666666
VP014,paper_nested_band,5,0.8016666666666665
VP014,paper_nested_band,6,0.7616666666666666
VP014,paper_nested_band,7,0.8283333333333334
VP014,paper_nested_band,8,0.8283333333333335
VP014,paper_nested_band,9,0.8383333333333333
VP014,paper_nested_band,10,0.8099999999999999
VP014,paper_nested_band,11,0.8416666666666666
VP014,paper_nested_band,12,0.7866666666666666
VP014,paper_nested_band,13,0.7433333333333334
VP014,paper_nested_band,14,0.615
VP014,paper_nested_band,15,0.6066666666666667
VP014,paper_nested_band,16,0.585
VP014,paper_nested_band,17,0.5766666666666667
VP014,paper_nested_band,18,0.5
VP014,paper_nested_band,19,0.47833333333333333
VP014,paper_nested_band,20,0.48166666666666663
VP014,paper_nested_band,21,0.4583333333333333
VP014,paper_nested_band,22,0.47000000000000003
VP014,paper_nested_band,23,0.5599999999999999
VP014,paper_nested_band,24,0.6349999999999999
VP014,paper_nested_band,25,0.55
VP015,paper_nested_band,-5,0.46833333333333343
VP015,paper_nested_band,-4,0.4566666666666667
VP015,paper_nested_band,-3,0.4866666666666667
VP015,paper_nested_band,-2,0.5066666666666666
VP015,paper_nested_band,-1,0.515
VP015,paper_nested_band,0,0.5266666666666666
VP015,paper_nested_band,1,0.5416666666666667
VP015,paper_nested_band,2,0.5283333333333333
VP015,paper_nested_band,3,0.49499999999999994
VP015,paper_nested_band,4,0.45833333333333337
VP015,paper_nested_band,5,0.51
VP015,paper_nested_band,6,0.5116666666666667
VP015,paper_nested_band,7,0.5499999999999999
VP015,paper_nested_band,8,0.5449999999999999
VP015,paper_nested_band,9,0.5816666666666667
VP015,paper_nested_band,10,0.5900000000000001
VP015,paper_nested_band,11,0.5583333333333332
VP015,paper_nested_band,12,0.5633333333333332
VP015,paper_nested_band,13,0.49333333333333346
VP015,paper_nested_band,14,0.495
VP015,paper_nested_band,15,0.5066666666666667
VP015,paper_nested_band,16,0.5083333333333333
VP015,paper_nested_band,17,0.4933333333333333
VP015,paper_nested_band,18,0.5233333333333333
VP015,paper_nested_band,19,0.5266666666666667
VP015,paper_nested_band,20,0.4866666666666667
VP015,paper_nested_band,21,0.48999999999999994
VP015,paper_nested_band,22,0.5133333333333334
VP015,paper_nested_band,23,0.4800000000000001
VP015,paper_nested_band,24,0.445
VP015,paper_nested_band,25,0.41
VP016,paper_nested_band,-5,0.4683333333333334
VP016,paper_nested_band,-4,0.5266666666666666
VP016,paper_nested_band,-3,0.49333333333333335
VP016,paper_nested_band,-2,0.5016666666666667
VP016,paper_nested_band,-1,0.5083333333333333
VP016,paper_nested_band,0,0.5683333333333332
VP016,paper_nested_band,1,0.56
VP016,paper_nested_band,2,0.5366666666666666
VP016,paper_nested_band,3,0.49333333333333335
VP016,paper_nested_band,4,0.5683333333333332
VP016,paper_nested_band,5,0.6016666666666666
VP016,paper_nested_band,6,0.6
VP016,paper_nested_band,7,0.6583333333333334
VP016,paper_nested_band,8,0.6533333333333334
VP016,paper_nested_band,9,0.64
VP016,paper_nested_band,10,0.6866666666666668
VP016,paper_nested_band,11,0.7050000000000001
VP016,paper_nested_band,12,0.6466666666666667
VP016,paper_nested_band,13,0.6300000000000001
VP016,paper_nested_band,14,0.6183333333333332
VP016,paper_nested_band,15,0.575
VP016,paper_nested_band,16,0.505
VP016,paper_nested_band,17,0.445
VP016,paper_nested_band,18,0.4733333333333333
VP016,paper_nested_band,19,0.42000000000000004
VP016,paper_nested_band,20,0.41500000000000004
VP016,paper_nested_band,21,0.40333333333333343
VP016,paper_nested_band,22,0.44333333333333336
VP016,paper_nested_band,23,0.505
VP016,paper_nested_band,24,0.43833333333333335
VP016,paper_nested_band,25,0.45
VP017,paper_nested_band,-5,0.5533333333333333
VP017,paper_nested_band,-4,0.55
VP017,paper_nested_band,-3,0.5516666666666666
VP017,paper_nested_band,-2,0.49833333333333335
VP017,paper_nested_band,-1,0.4416666666666667
VP017,paper_nested_band,0,0.5083333333333333
VP017,paper_nested_band,1,0.6316666666666667
VP017,paper_nested_band,2,0.7066666666666666
VP017,paper_nested_band,3,0.7033333333333334
VP017,paper_nested_band,4,0.7233333333333334
VP017,paper_nested_band,5,0.7283333333333333
VP017,paper_nested_band,6,0.7416666666666666
VP017,paper_nested_band,7,0.6733333333333336
VP017,paper_nested_band,8,0.655
VP017,paper_nested_band,9,0.6700000000000002
VP017,paper_nested_band,10,0.6716666666666667
VP017,paper_nested_band,11,0.6883333333333335
VP017,paper_nested_band,12,0.7183333333333334
VP017,paper_nested_band,13,0.6833333333333333
VP017,paper_nested_band,14,0.6866666666666668
VP017,paper_nested_band,15,0.6566666666666666
VP017,paper_nested_band,16,0.6116666666666667
VP017,paper_nested_band,17,0.5283333333333333
VP017,paper_nested_band,18,0.5266666666666666
VP017,paper_nested_band,19,0.5516666666666666
VP017,paper_nested_band,20,0.5816666666666667
VP017,paper_nested_band,21,0.5116666666666667
VP017,paper_nested_band,22,0.5616666666666666
VP017,paper_nested_band,23,0.5999999999999999
VP017,paper_nested_band,24,0.5666666666666667
VP017,paper_nested_band,25,0.4883333333333334
VP018,paper_nested_band,-5,0.43500000000000005
VP018,paper_nested_band,-4,0.4916666666666666
VP018,paper_nested_band,-3,0.5433333333333333
VP018,paper_nested_band,-2,0.43
VP018,paper_nested_band,-1,0.5416666666666666
VP018,paper_nested_band,0,0.7166666666666667
VP018,paper_nested_band,1,0.8399999999999999
VP018,paper_nested_band,2,0.86
VP018,paper_nested_band,3,0.8399999999999999
VP018,paper_nested_band,4,0.8283333333333334
VP018,paper_nested_band,5,0.7783333333333333
VP018,paper_nested_band,6,0.8049999999999999
VP018,paper_nested_band,7,0.7983333333333333
VP018,paper_nested_band,8,0.8049999999999999
VP018,paper_nested_band,9,0.8266666666666665
VP018,paper_nested_band,10,0.82
VP018,paper_nested_band,11,0.8466666666666665
VP018,paper_nested_band,12,0.8516666666666666
VP018,paper_nested_band,13,0.7899999999999999
VP018,paper_nested_band,14,0.6583333333333334
VP018,paper_nested_band,15,0.5616666666666666
VP018,paper_nested_band,16,0.5716666666666665
VP018,paper_nested_band,17,0.6066666666666667
VP018,paper_nested_band,18,0.6483333333333333
VP018,paper_nested_band,19,0.5833333333333333
VP018,paper_nested_band,20,0.5683333333333332
VP018,paper_nested_band,21,0.5766666666666667
VP018,paper_nested_band,22,0.6216666666666667
VP018,paper_nested_band,23,0.6066666666666667
VP018,paper_nested_band,24,0.605
VP018,paper_nested_band,25,0.5666666666666667
VP019,paper_nested_band,-5,0.46499999999999997
VP019,paper_nested_band,-4,0.43666666666666665
VP019,paper_nested_band,-3,0.41000000000000003
VP019,paper_nested_band,-2,0.4333333333333333
VP019,paper_nested_band,-1,0.4716666666666667
VP019,paper_nested_band,0,0.48
VP019,paper_nested_band,1,0.5
VP019,paper_nested_band,2,0.4716666666666668
VP019,paper_nested_band,3,0.49333333333333335
VP019,paper_nested_band,4,0.5216666666666667
VP019,paper_nested_band,5,0.5183333333333334
VP019,paper_nested_band,6,0.545
VP019,paper_nested_band,7,0.5233333333333333
VP019,paper_nested_band,8,0.5399999999999999
VP019,paper_nested_band,9,0.525
VP019,paper_nested_band,10,0.47833333333333333
VP019,paper_nested_band,11,0.5783333333333334
VP019,paper_nested_band,12,0.56
VP019,paper_nested_band,13,0.49000000000000005
VP019,paper_nested_band,14,0.4833333333333333
VP019,paper_nested_band,15,0.5466666666666666
VP019,paper_nested_band,16,0.5016666666666667
VP019,paper_nested_band,17,0.465
VP019,paper_nested_band,18,0.4883333333333334
VP019,paper_nested_band,19,0.49333333333333335
VP019,paper_nested_band,20,0.4966666666666667
VP019,paper_nested_band,21,0.5483333333333333
VP019,paper_nested_band,22,0.5199999999999999
VP019,paper_nested_band,23,0.5883333333333333
VP019,paper_nested_band,24,0.545
VP019,paper_nested_band,25,0.5466666666666666
VP020,paper_nested_band,-5,0.4833333333333334
VP020,paper_nested_band,-4,0.495
VP020,paper_nested_band,-3,0.4616666666666667
VP020,paper_nested_band,-2,0.5266666666666666
VP020,paper_nested_band,-1,0.4950000000000001
VP020,paper_nested_band,0,0.43166666666666664
VP020,paper_nested_band,1,0.5283333333333333
VP020,paper_nested_band,2,0.5983333333333333
VP020,paper_nested_band,3,0.6933333333333335
VP020,paper_nested_band,4,0.7300000000000001
VP020,paper_nested_band,5,0.7533333333333333
VP020,paper_nested_band,6,0.7316666666666667
VP020,paper_nested_band,7,0.8183333333333334
VP020,paper_nested_band,8,0.7616666666666666
VP020,paper_nested_band,9,0.7666666666666667
VP020,paper_nested_band,10,0.8283333333333334
VP020,paper_nested_band,11,0.8216666666666667
VP020,paper_nested_band,12,0.8316666666666667
VP020,paper_nested_band,13,0.7633333333333334
VP020,paper_nested_band,14,0.6716666666666666
VP020,paper_nested_band,15,0.5949999999999999
VP020,paper_nested_band,16,0.5333333333333333
VP020,paper_nested_band,17,0.47333333333333333
VP020,paper_nested_band,18,0.51
VP020,paper_nested_band,19,0.4833333333333334
VP020,paper_nested_band,20,0.4533333333333333
VP020,paper_nested_band,21,0.39999999999999997
VP020,paper_nested_band,22,0.41166666666666674
VP020,paper_nested_band,23,0.41500000000000004
VP020,paper_nested_band,24,0.4750000000000001
VP020,paper_nested_band,25,0.41833333333333333
VP021,paper_nested_band,-5,0.42333333333333334
VP021,paper_nested_band,-4,0.40499999999999997
VP021,paper_nested_band,-3,0.45
VP021,paper_nested_band,-2,0.43166666666666675
VP021,paper_nested_band,-1,0.465
VP021,paper_nested_band,0,0.5216666666666666
VP021,paper_nested_band,1,0.5066666666666667
VP021,paper_nested_band,2,0.5233333333333333
VP021,paper_nested_band,3,0.5216666666666667
VP021,paper_nested_band,4,0.5066666666666666
VP021,paper_nested_band,5,0.5233333333333333
VP021,paper_nested_band,6,0.5266666666666666
VP021,paper_nested_band,7,0.5133333333333334
VP021,paper_nested_band,8,0.5383333333333333
VP021,paper_nested_band,9,0.4966666666666667
VP021,paper_nested_band,10,0.5033333333333333
VP021,paper_nested_band,11,0.5216666666666667
VP021,paper_nested_band,12,0.5616666666666665
VP021,paper_nested_band,13,0.5266666666666666
VP021,paper_nested_band,14,0.47666666666666674
VP021,paper_nested_band,15,0.4916666666666666
VP021,paper_nested_band,16,0.4833333333333333
VP021,paper_nested_band,17,0.46833333333333327
VP021,paper_nested_band,18,0.4699999999999999
VP021,paper_nested_band,19,0.46333333333333326
VP021,paper_nested_band,20,0.4883333333333333
VP021,paper_nested_band,21,0.45499999999999996
VP021,paper_nested_band,22,0.47333333333333333
VP021,paper_nested_band,23,0.47000000000000003
VP021,paper_nested_band,24,0.47666666666666674
VP021,paper_nested_band,25,0.45833333333333337
VP022,paper_nested_band,-5,0.4416666666666666
VP022,paper_nested_band,-4,0.37166666666666665
VP022,paper_nested_band,-3,0.3833333333333333
VP022,paper_nested_band,-2,0.4766666666666667
VP022,paper_nested_band,-1,0.5666666666666667
VP022,paper_nested_band,0,0.67
VP022,paper_nested_band,1,0.7733333333333333
VP022,paper_nested_band,2,0.7933333333333332
VP022,paper_nested_band,3,0.845
VP022,paper_nested_band,4,0.8583333333333332
VP022,paper_nested_band,5,0.8783333333333333
VP022,paper_nested_band,6,0.9066666666666668
VP022,paper_nested_band,7,0.9100000000000001
VP022,paper_nested_band,8,0.9266666666666665
VP022,paper_nested_band,9,0.9366666666666665
VP022,paper_nested_band,10,0.9266666666666665
VP022,paper_nested_band,11,0.9216666666666666
VP022,paper_nested_band,12,0.9116666666666667
VP022,paper_nested_band,13,0.8266666666666668
VP022,paper_nested_band,14,0.7516666666666667
VP022,paper_nested_band,15,0.6799999999999999
VP022,paper_nested_band,16,0.6283333333333334
VP022,paper_nested_band,17,0.5816666666666667
VP022,paper_nested_band,18,0.5716666666666665
VP022,paper_nested_band,19,0.5416666666666667
VP022,paper_nested_band,20,0.5633333333333332
VP022,paper_nested_band,21,0.5599999999999999
VP022,paper_nested_band,22,0.5833333333333333
VP022,paper_nested_band,23,0.5233333333333333
VP022,paper_nested_band,24,0.4866666666666667
VP022,paper_nested_band,25,0.4466666666666666
VP023,paper_nested_band,-5,0.4416666666666666
VP023,paper_nested_band,-4,0.42333333333333334
VP023,paper_nested_band,-3,0.36333333333333334
VP023,paper_nested_band,-2,0.3433333333333333
VP023,paper_nested_band,-1,0.4116666666666666
VP023,paper_nested_band,0,0.45166666666666677
VP023,paper_nested_band,1,0.5433333333333333
VP023,paper_nested_band,2,0.6266666666666666
VP023,paper_nested_band,3,0.7266666666666666
VP023,paper_nested_band,4,0.7833333333333333
VP023,paper_nested_band,5,0.7466666666666667
VP023,paper_nested_band,6,0.7716666666666666
VP023,paper_nested_band,7,0.7983333333333333
VP023,paper_nested_band,8,0.7983333333333332
VP023,paper_nested_band,9,0.7583333333333334
VP023,paper_nested_band,10,0.7899999999999999
VP023,paper_nested_band,11,0.7966666666666666
VP023,paper_nested_band,12,0.7866666666666666
VP023,paper_nested_band,13,0.7849999999999999
VP023,paper_nested_band,14,0.6683333333333333
VP023,paper_nested_band,15,0.595
VP023,paper_nested_band,16,0.5216666666666667
VP023,paper_nested_band,17,0.5233333333333333
VP023,paper_nested_band,18,0.5316666666666666
VP023,paper_nested_band,19,0.5033333333333333
VP023,paper_nested_band,20,0.48166666666666663
VP023,paper_nested_band,21,0.51
VP023,paper_nested_band,22,0.45166666666666677
VP023,paper_nested_band,23,0.4633333333333334
VP023,paper_nested_band,24,0.44833333333333336
VP023,paper_nested_band,25,0.4916666666666667
VP024,paper_nested_band,-5,0.41833333333333333
VP024,paper_nested_band,-4,0.4833333333333333
VP024,paper_nested_band,-3,0.48
VP024,paper_nested_band,-2,0.44666666666666666
VP024,paper_nested_band,-1,0.43166666666666675
VP024,paper_nested_band,0,0.49333333333333335
VP024,paper_nested_band,1,0.6283333333333333
VP024,paper_nested_band,2,0.7216666666666667
VP024,paper_nested_band,3,0.7733333333333333
VP024,paper_nested_band,4,0.8466666666666667
VP024,paper_nested_band,5,0.8016666666666665
VP024,paper_nested_band,6,0.795
VP024,paper_nested_band,7,0.76
VP024,paper_nested_band,8,0.7333333333333334
VP024,paper_nested_band,9,0.7033333333333334
VP024,paper_nested_band,10,0.6866666666666668
VP024,paper_nested_band,11,0.7316666666666667
VP024,paper_nested_band,12,0.6833333333333333
VP024,paper_nested_band,13,0.665
VP024,paper_nested_band,14,0.59
VP024,paper_nested_band,15,0.49000000000000005
VP024,paper_nested_band,16,0.4766666666666667
VP024,paper_nested_band,17,0.4633333333333334
VP024,paper_nested_band,18,0.4916666666666667
VP024,paper_nested_band,19,0.5333333333333333
VP024,paper_nested_band,20,0.6416666666666666
VP024,paper_nested_band,21,0.655
VP024,paper_nested_band,22,0.5833333333333333
VP024,paper_nested_band,23,0.5799999999999998
VP024,paper_nested_band,24,0.5566666666666666
VP024,paper_nested_band,25,0.5666666666666667
VP025,paper_nested_band,-5,0.5166666666666667
VP025,paper_nested_band,-4,0.5066666666666666
VP025,paper_nested_band,-3,0.48999999999999994
VP025,paper_nested_band,-2,0.5283333333333333
VP025,paper_nested_band,-1,0.49000000000000005
VP025,paper_nested_band,0,0.505
VP025,paper_nested_band,1,0.5266666666666666
VP025,paper_nested_band,2,0.6383333333333334
VP025,paper_nested_band,3,0.6849999999999999
VP025,paper_nested_band,4,0.6516666666666666
VP025,paper_nested_band,5,0.7050000000000001
VP025,paper_nested_band,6,0.6983333333333335
VP025,paper_nested_band,7,0.6866666666666668
VP025,paper_nested_band,8,0.7016666666666667
VP025,paper_nested_band,9,0.6983333333333334
VP025,paper_nested_band,10,0.6833333333333333
VP025,paper_nested_band,11,0.6216666666666666
VP025,paper_nested_band,12,0.6233333333333334
VP025,paper_nested_band,13,0.6599999999999999
VP025,paper_nested_band,14,0.6399999999999999
VP025,paper_nested_band,15,0.58
VP025,paper_nested_band,16,0.5666666666666667
VP025,paper_nested_band,17,0.5483333333333335
VP025,paper_nested_band,18,0.5566666666666666
VP025,paper_nested_band,19,0.615
VP025,paper_nested_band,20,0.6100000000000001
VP025,paper_nested_band,21,0.5916666666666667
VP025,paper_nested_band,22,0.6266666666666667
VP025,paper_nested_band,23,0.6166666666666668
VP025,paper_nested_band,24,0.61
VP025,paper_nested_band,25,0.47333333333333333
VP026,paper_nested_band,-5,0.41833333333333333
VP026,paper_nested_band,-4,0.4983333333333334
VP026,paper_nested_band,-3,0.5633333333333334
VP026,paper_nested_band,-2,0.565
VP026,paper_nested_band,-1,0.5799999999999998
VP026,paper_nested_band,0,0.6216666666666665
VP026,paper_nested_band,1,0.6299999999999999
VP026,paper_nested_band,2,0.6766666666666667
VP026,paper_nested_band,3,0.6799999999999999
VP026,paper_nested_band,4,0.6716666666666667
VP026,paper_nested_band,5,0.7333333333333333
VP026,paper_nested_band,6,0.795
VP026,paper_nested_band,7,0.7949999999999999
VP026,paper_nested_band,8,0.8516666666666666
VP026,paper_nested_band,9,0.8033333333333333
VP026,paper_nested_band,10,0.7216666666666667
VP026,paper_nested_band,11,0.68
VP026,paper_nested_band,12,0.7033333333333334
VP026,paper_nested_band,13,0.6416666666666666
VP026,paper_nested_band,14,0.66
VP026,paper_nested_band,15,0.6699999999999999
VP026,paper_nested_band,16,0.6966666666666667
VP026,paper_nested_band,17,0.6516666666666667
VP026,paper_nested_band,18,0.6083333333333332
VP026,paper_nested_band,19,0.64
VP026,paper_nested_band,20,0.6083333333333334
VP026,paper_nested_band,21,0.5233333333333333
VP026,paper_nested_band,22,0.5383333333333333
VP026,paper_nested_band,23,0.6199999999999999
VP026,paper_nested_band,24,0.5433333333333332
VP026,paper_nested_band,25,0.4966666666666667
VP001,released,-5,0.36666666666666664
VP001,released,-4,0.6
VP001,released,-3,0.5
VP001,released,-2,0.4666666666666667
VP001,released,-1,0.6666666666666666
VP001,released,0,0.5
VP001,released,1,0.6833333333333333
VP001,released,2,0.8166666666666667
VP001,released,3,0.85
VP001,released,4,0.8666666666666667
VP001,released,5,0.9333333333333333
VP001,released,6,0.9333333333333333
VP001,released,7,0.8333333333333334
VP001,released,8,0.7666666666666667
VP001,released,9,0.75
VP001,released,10,0.7666666666666667
VP001,released,11,0.7666666666666667
VP001,released,12,0.7
VP001,released,13,0.75
VP001,released,14,0.6833333333333333
VP001,released,15,0.5666666666666667
VP001,released,16,0.6833333333333333
VP001,released,17,0.5833333333333334
VP001,released,18,0.6
VP001,released,19,0.5833333333333334
VP001,released,20,0.5666666666666667
VP001,released,21,0.5666666666666667
VP001,released,22,0.65
VP001,released,23,0.55
VP001,released,24,0.5666666666666667
VP001,released,25,0.5333333333333333
VP002,released,-5,0.48333333333333334
VP002,released,-4,0.4166666666666667
VP002,released,-3,0.45
VP002,released,-2,0.43333333333333335
VP002,released,-1,0.43333333333333335
VP002,released,0,0.55
VP002,released,1,0.7
VP002,released,2,0.8333333333333334
VP002,released,3,0.8166666666666667
VP002,released,4,0.75
VP002,released,5,0.8166666666666667
VP002,released,6,0.85
VP002,released,7,0.85
VP002,released,8,0.9
VP002,released,9,0.9
VP002,released,10,0.8833333333333333
VP002,released,11,0.8
VP002,released,12,0.85
VP002,released,13,0.7666666666666667
VP002,released,14,0.75
VP002,released,15,0.7
VP002,released,16,0.65
VP002,released,17,0.6666666666666666
VP002,released,18,0.6666666666666666
VP002,released,19,0.6833333333333333
VP002,released,20,0.6833333333333333
VP002,released,21,0.5333333333333333
VP002,released,22,0.45
VP002,released,23,0.5
VP002,released,24,0.43333333333333335
VP002,released,25,0.5833333333333334
VP003,released,-5,0.4
VP003,released,-4,0.35
VP003,released,-3,0.38333333333333336
VP003,released,-2,0.5666666666666667
VP003,released,-1,0.5
VP003,released,0,0.6333333333333333
VP003,released,1,0.8
VP003,released,2,0.8
VP003,released,3,0.7666666666666667
VP003,released,4,0.8166666666666667
VP003,released,5,0.95
VP003,released,6,0.9166666666666666
VP003,released,7,0.9333333333333333
VP003,released,8,0.95
VP003,released,9,0.85
VP003,released,10,0.8333333333333334
VP003,released,11,0.9
VP003,released,12,0.8666666666666667
VP003,released,13,0.8333333333333334
VP003,released,14,0.7833333333333333
VP003,released,15,0.75
VP003,released,16,0.7666666666666667
VP003,released,17,0.5833333333333334
VP003,released,18,0.5833333333333334
VP003,released,19,0.48333333333333334
VP003,released,20,0.5
VP003,released,21,0.5
VP003,released,22,0.4
VP003,released,23,0.45
VP003,released,24,0.5
VP003,released,25,0.5166666666666667
VP004,released,-5,0.48333333333333334
VP004,released,-4,0.4166666666666667
VP004,released,-3,0.36666666666666664
VP004,released,-2,0.3333333333333333
VP004,released,-1,0.35
VP004,released,0,0.4666666666666667
VP004,released,1,0.65
VP004,released,2,0.6
VP004,released,3,0.5833333333333334
VP004,released,4,0.6333333333333333
VP004,released,5,0.7
VP004,released,6,0.7666666666666667
VP004,released,7,0.7333333333333333
VP004,released,8,0.75
VP004,released,9,0.8
VP004,released,10,0.7833333333333333
VP004,released,11,0.7166666666666667
VP004,released,12,0.7333333333333333
VP004,released,13,0.6
VP004,released,14,0.6666666666666666
VP004,released,15,0.48333333333333334
VP004,released,16,0.6166666666666667
VP004,released,17,0.6666666666666666
VP004,released,18,0.6833333333333333
VP004,released,19,0.5666666666666667
VP004,released,20,0.48333333333333334
VP004,released,21,0.5
VP004,released,22,0.45
VP004,released,23,0.45
VP004,released,24,0.4
VP004,released,25,0.5
VP005,released,-5,0.4666666666666667
VP005,released,-4,0.48333333333333334
VP005,released,-3,0.45
VP005,released,-2,0.43333333333333335
VP005,released,-1,0.5666666666666667
VP005,released,0,0.4666666666666667
VP005,released,1,0.5166666666666667
VP005,released,2,0.6833333333333333
VP005,released,3,0.7666666666666667
VP005,released,4,0.75
VP005,released,5,0.7333333333333333
VP005,released,6,0.75
VP005,released,7,0.6666666666666666
VP005,released,8,0.75
VP005,released,9,0.7666666666666667
VP005,released,10,0.7
VP005,released,11,0.7333333333333333
VP005,released,12,0.7833333333333333
VP005,released,13,0.7666666666666667
VP005,released,14,0.55
VP005,released,15,0.4666666666666667
VP005,released,16,0.4666666666666667
VP005,released,17,0.4666666666666667
VP005,released,18,0.4666666666666667
VP005,released,19,0.7
VP005,released,20,0.65
VP005,released,21,0.5333333333333333
VP005,released,22,0.5833333333333334
VP005,released,23,0.6333333333333333
VP005,released,24,0.5833333333333334
VP005,released,25,0.5666666666666667
VP006,released,-5,0.6
VP006,released,-4,0.5666666666666667
VP006,released,-3,0.6166666666666667
VP006,released,-2,0.7166666666666667
VP006,released,-1,0.75
VP006,released,0,0.7
VP006,released,1,0.75
VP006,released,2,0.8
VP006,released,3,0.6833333333333333
VP006,released,4,0.7
VP006,released,5,0.7833333333333333
VP006,released,6,0.7
VP006,released,7,0.7
VP006,released,8,0.6833333333333333
VP006,released,9,0.7833333333333333
VP006,released,10,0.7666666666666667
VP006,released,11,0.5833333333333334
VP006,released,12,0.7
VP006,released,13,0.7166666666666667
VP006,released,14,0.6666666666666666
VP006,released,15,0.6
VP006,released,16,0.5666666666666667
VP006,released,17,0.5333333333333333
VP006,released,18,0.4666666666666667
VP006,released,19,0.48333333333333334
VP006,released,20,0.4666666666666667
VP006,released,21,0.5
VP006,released,22,0.5
VP006,released,23,0.4
VP006,released,24,0.4166666666666667
VP006,released,25,0.3333333333333333
VP007,released,-5,0.4666666666666667
VP007,released,-4,0.36666666666666664
VP007,released,-3,0.4666666666666667
VP007,released,-2,0.5333333333333333
VP007,released,-1,0.6166666666666667
VP007,released,0,0.65
VP007,released,1,0.75
VP007,released,2,0.7833333333333333
VP007,released,3,0.7666666666666667
VP007,released,4,0.9
VP007,released,5,0.8666666666666667
VP007,released,6,0.8666666666666667
VP007,released,7,0.8666666666666667
VP007,released,8,0.9
VP007,released,9,0.85
VP007,released,10,0.8333333333333334
VP007,released,11,0.8
VP007,released,12,0.8166666666666667
VP007,released,13,0.75
VP007,released,14,0.6
VP007,released,15,0.6166666666666667
VP007,released,16,0.65
VP007,released,17,0.65
VP007,released,18,0.6333333333333333
VP007,released,19,0.6
VP007,released,20,0.6333333333333333
VP007,released,21,0.6666666666666666
VP007,released,22,0.6333333333333333
VP007,released,23,0.7166666666666667
VP007,released,24,0.5
VP007,released,25,0.4666666666666667
VP008,released,-5,0.48333333333333334
VP008,released,-4,0.4166666666666667
VP008,released,-3,0.5333333333333333
VP008,released,-2,0.5166666666666667
VP008,released,-1,0.6333333333333333
VP008,released,0,0.6166666666666667
VP008,released,1,0.6833333333333333
VP008,released,2,0.5833333333333334
VP008,released,3,0.7166666666666667
VP008,released,4,0.7166666666666667
VP008,released,5,0.75
VP008,released,6,0.5833333333333334
VP008,released,7,0.55
VP008,released,8,0.5333333333333333
VP008,released,9,0.55
VP008,released,10,0.5833333333333334
VP008,released,11,0.5833333333333334
VP008,released,12,0.6
VP008,released,13,0.55
VP008,released,14,0.6666666666666666
VP008,released,15,0.7833333333333333
VP008,released,16,0.7166666666666667
VP008,released,17,0.6
VP008,released,18,0.6166666666666667
VP008,released,19,0.5166666666666667
VP008,released,20,0.65
VP008,released,21,0.75
VP008,released,22,0.7333333333333333
VP008,released,23,0.6833333333333333
VP008,released,24,0.6
VP008,released,25,0.6833333333333333
VP009,released,-5,0.5333333333333333
VP009,released,-4,0.5166666666666667
VP009,released,-3,0.45
VP009,released,-2,0.5166666666666667
VP009,released,-1,0.4666666666666667
VP009,released,0,0.6666666666666666
VP009,released,1,0.7333333333333333
VP009,released,2,0.7333333333333333
VP009,released,3,0.85
VP009,released,4,0.7833333333333333
VP009,released,5,0.8
VP009,released,6,0.8
VP009,released,7,0.85
VP009,released,8,0.8833333333333333
VP009,released,9,0.75
VP009,released,10,0.8
VP009,released,11,0.75
VP009,released,12,0.7666666666666667
VP009,released,13,0.7833333333333333
VP009,released,14,0.7333333333333333
VP009,released,15,0.75
VP009,released,16,0.65
VP009,released,17,0.6333333333333333
VP009,released,18,0.55
VP009,released,19,0.6166666666666667
VP009,released,20,0.6
VP009,released,21,0.6
VP009,released,22,0.5666666666666667
VP009,released,23,0.5333333333333333
VP009,released,24,0.5166666666666667
VP009,released,25,0.6
VP010,released,-5,0.45
VP010,released,-4,0.5
VP010,released,-3,0.4666666666666667
VP010,released,-2,0.55
VP010,released,-1,0.6
VP010,released,0,0.55
VP010,released,1,0.75
VP010,released,2,0.7666666666666667
VP010,released,3,0.7333333333333333
VP010,released,4,0.75
VP010,released,5,0.8166666666666667
VP010,released,6,0.85
VP010,released,7,0.7666666666666667
VP010,released,8,0.7833333333333333
VP010,released,9,0.7833333333333333
VP010,released,10,0.8666666666666667
VP010,released,11,0.8333333333333334
VP010,released,12,0.7333333333333333
VP010,released,13,0.6666666666666666
VP010,released,14,0.65
VP010,released,15,0.65
VP010,released,16,0.5666666666666667
VP010,released,17,0.48333333333333334
VP010,released,18,0.4666666666666667
VP010,released,19,0.55
VP010,released,20,0.6333333333333333
VP010,released,21,0.6333333333333333
VP010,released,22,0.5833333333333334
VP010,released,23,0.4666666666666667
VP010,released,24,0.5
VP010,released,25,0.48333333333333334
VP011,released,-5,0.5166666666666667
VP011,released,-4,0.5
VP011,released,-3,0.5333333333333333
VP011,released,-2,0.5833333333333334
VP011,released,-1,0.5666666666666667
VP011,released,0,0.55
VP011,released,1,0.7166666666666667
VP011,released,2,0.7166666666666667
VP011,released,3,0.6833333333333333
VP011,released,4,0.65
VP011,released,5,0.7666666666666667
VP011,released,6,0.7
VP011,released,7,0.7833333333333333
VP011,released,8,0.8166666666666667
VP011,released,9,0.8
VP011,released,10,0.7666666666666667
VP011,released,11,0.8
VP011,released,12,0.7333333333333333
VP011,released,13,0.6333333333333333
VP011,released,14,0.6166666666666667
VP011,released,15,0.5333333333333333
VP011,released,16,0.6333333333333333
VP011,released,17,0.55
VP011,released,18,0.6166666666666667
VP011,released,19,0.48333333333333334
VP011,released,20,0.4666666666666667
VP011,released,21,0.45
VP011,released,22,0.4166666666666667
VP011,released,23,0.5
VP011,released,24,0.36666666666666664
VP011,released,25,0.43333333333333335
VP012,released,-5,0.55
VP012,released,-4,0.55
VP012,released,-3,0.5
VP012,released,-2,0.5833333333333334
VP012,released,-1,0.55
VP012,released,0,0.7166666666666667
VP012,released,1,0.7833333333333333
VP012,released,2,0.75
VP012,released,3,0.8
VP012,released,4,0.7666666666666667
VP012,released,5,0.8333333333333334
VP012,released,6,0.9
VP012,released,7,0.8833333333333333
VP012,released,8,0.9
VP012,released,9,0.9333333333333333
VP012,released,10,0.9333333333333333
VP012,released,11,0.95
VP012,released,12,0.9
VP012,released,13,0.8166666666666667
VP012,released,14,0.65
VP012,released,15,0.55
VP012,released,16,0.4666666666666667
VP012,released,17,0.4666666666666667
VP012,released,18,0.43333333333333335
VP012,released,19,0.5333333333333333
VP012,released,20,0.5166666666666667
VP012,released,21,0.48333333333333334
VP012,released,22,0.45
VP012,released,23,0.4666666666666667
VP012,released,24,0.48333333333333334
VP012,released,25,0.48333333333333334
VP013,released,-5,0.4166666666666667
VP013,released,-4,0.45
VP013,released,-3,0.48333333333333334
VP013,released,-2,0.4166666666666667
VP013,released,-1,0.5166666666666667
VP013,released,0,0.5333333333333333
VP013,released,1,0.5333333333333333
VP013,released,2,0.6
VP013,released,3,0.55
VP013,released,4,0.6666666666666666
VP013,released,5,0.6666666666666666
VP013,released,6,0.6
VP013,released,7,0.6666666666666666
VP013,released,8,0.6333333333333333
VP013,released,9,0.6666666666666666
VP013,released,10,0.6166666666666667
VP013,released,11,0.7
VP013,released,12,0.6666666666666666
VP013,released,13,0.6833333333333333
VP013,released,14,0.6333333333333333
VP013,released,15,0.6
VP013,released,16,0.45
VP013,released,17,0.5
VP013,released,18,0.5
VP013,released,19,0.4666666666666667
VP013,released,20,0.6333333333333333
VP013,released,21,0.5833333333333334
VP013,released,22,0.5666666666666667
VP013,released,23,0.45
VP013,released,24,0.4666666666666667
VP013,released,25,0.5166666666666667
VP014,released,-5,0.5166666666666667
VP014,released,-4,0.48333333333333334
VP014,released,-3,0.45
VP014,released,-2,0.5333333333333333
VP014,released,-1,0.5166666666666667
VP014,released,0,0.5833333333333334
VP014,released,1,0.7666666666666667
VP014,released,2,0.8833333333333333
VP014,released,3,0.8333333333333334
VP014,released,4,0.8666666666666667
VP014,released,5,0.8666666666666667
VP014,released,6,0.8166666666666667
VP014,released,7,0.85
VP014,released,8,0.7333333333333333
VP014,released,9,0.7666666666666667
VP014,released,10,0.7666666666666667
VP014,released,11,0.8
VP014,released,12,0.6666666666666666
VP014,released,13,0.7
VP014,released,14,0.6666666666666666
VP014,released,15,0.5833333333333334
VP014,released,16,0.5
VP014,released,17,0.6166666666666667
VP014,released,18,0.48333333333333334
VP014,released,19,0.5333333333333333
VP014,released,20,0.45
VP014,released,21,0.5333333333333333
VP014,released,22,0.55
VP014,released,23,0.5333333333333333
VP014,released,24,0.6833333333333333
VP014,released,25,0.5666666666666667
VP015,released,-5,0.43333333333333335
VP015,released,-4,0.48333333333333334
VP015,released,-3,0.45
VP015,released,-2,0.5333333333333333
VP015,released,-1,0.5666666666666667
VP015,released,0,0.5333333333333333
VP015,released,1,0.6333333333333333
VP015,released,2,0.6
VP015,released,3,0.45
VP015,released,4,0.6333333333333333
VP015,released,5,0.6166666666666667
VP015,released,6,0.6666666666666666
VP015,released,7,0.6
VP015,released,8,0.5833333333333334
VP015,released,9,0.7
VP015,released,10,0.7
VP015,released,11,0.65
VP015,released,12,0.55
VP015,released,13,0.5166666666666667
VP015,released,14,0.4166666666666667
VP015,released,15,0.55
VP015,released,16,0.65
VP015,released,17,0.48333333333333334
VP015,released,18,0.5666666666666667
VP015,released,19,0.4666666666666667
VP015,released,20,0.5333333333333333
VP015,released,21,0.5333333333333333
VP015,released,22,0.4666666666666667
VP015,released,23,0.4
VP015,released,24,0.3
VP015,released,25,0.36666666666666664
VP016,released,-5,0.4
VP016,released,-4,0.4666666666666667
VP016,released,-3,0.43333333333333335
VP016,released,-2,0.5
VP016,released,-1,0.6833333333333333
VP016,released,0,0.65
VP016,released,1,0.85
VP016,released,2,0.8333333333333334
VP016,released,3,0.85
VP016,released,4,0.8333333333333334
VP016,released,5,0.95
VP016,released,6,0.9166666666666666
VP016,released,7,0.9333333333333333
VP016,released,8,0.9
VP016,released,9,0.9166666666666666
VP016,released,10,0.95
VP016,released,11,0.95
VP016,released,12,0.8166666666666667
VP016,released,13,0.7333333333333333
VP016,released,14,0.8166666666666667
VP016,released,15,0.75
VP016,released,16,0.7
VP016,released,17,0.6166666666666667
VP016,released,18,0.5166666666666667
VP016,released,19,0.65
VP016,released,20,0.6166666666666667
VP016,released,21,0.48333333333333334
VP016,released,22,0.5
VP016,released,23,0.48333333333333334
VP016,released,24,0.5
VP016,released,25,0.48333333333333334
VP017,released,-5,0.5
VP017,released,-4,0.5166666666666667
VP017,released,-3,0.5666666666666667
VP017,released,-2,0.6166666666666667
VP017,released,-1,0.5333333333333333
VP017,released,0,0.6333333333333333
VP017,released,1,0.7
VP017,released,2,0.75
VP017,released,3,0.7333333333333333
VP017,released,4,0.75
VP017,released,5,0.7666666666666667
VP017,released,6,0.75
VP017,released,7,0.7
VP017,released,8,0.75
VP017,released,9,0.7333333333333333
VP017,released,10,0.7
VP017,released,11,0.7
VP017,released,12,0.75
VP017,released,13,0.7666666666666667
VP017,released,14,0.6833333333333333
VP017,released,15,0.7333333333333333
VP017,released,16,0.6166666666666667
VP017,released,17,0.65
VP017,released,18,0.6166666666666667
VP017,released,19,0.55
VP017,released,20,0.6
VP017,released,21,0.65
VP017,released,22,0.6166666666666667
VP017,released,23,0.6833333333333333
VP017,released,24,0.6
VP017,released,25,0.5
VP018,released,-5,0.4666666666666667
VP018,released,-4,0.5666666666666667
VP018,released,-3,0.5833333333333334
VP018,released,-2,0.43333333333333335
VP018,released,-1,0.5833333333333334
VP018,released,0,0.65
VP018,released,1,0.85
VP018,released,2,0.8833333333333333
VP018,released,3,0.8333333333333334
VP018,released,4,0.8166666666666667
VP018,released,5,0.7833333333333333
VP018,released,6,0.8333333333333334
VP018,released,7,0.8
VP018,released,8,0.7833333333333333
VP018,released,9,0.8166666666666667
VP018,released,10,0.7833333333333333
VP018,released,11,0.8166666666666667
VP018,released,12,0.8666666666666667
VP018,released,13,0.8166666666666667
VP018,released,14,0.65
VP018,released,15,0.48333333333333334
VP018,released,16,0.6
VP018,released,17,0.65
VP018,released,18,0.6333333333333333
VP018,released,19,0.55
VP018,released,20,0.6833333333333333
VP018,released,21,0.5666666666666667
VP018,released,22,0.6666666666666666
VP018,released,23,0.6666666666666666
VP018,released,24,0.55
VP018,released,25,0.5833333333333334
VP019,released,-5,0.4666666666666667
VP019,released,-4,0.6
VP019,released,-3,0.6333333333333333
VP019,released,-2,0.6166666666666667
VP019,released,-1,0.5333333333333333
VP019,released,0,0.6333333333333333
VP019,released,1,0.6833333333333333
VP019,released,2,0.6
VP019,released,3,0.6
VP019,released,4,0.6333333333333333
VP019,released,5,0.5833333333333334
VP019,released,6,0.5166666666666667
VP019,released,7,0.6666666666666666
VP019,released,8,0.7
VP019,released,9,0.7
VP019,released,10,0.6333333333333333
VP019,released,11,0.6833333333333333
VP019,released,12,0.6
VP019,released,13,0.6333333333333333
VP019,released,14,0.6166666666666667
VP019,released,15,0.7166666666666667
VP019,released,16,0.5333333333333333
VP019,released,17,0.5166666666666667
VP019,released,18,0.5833333333333334
VP019,released,19,0.36666666666666664
VP019,released,20,0.2833333333333333
VP019,released,21,0.4166666666666667
VP019,released,22,0.38333333333333336
VP019,released,23,0.5666666666666667
VP019,released,24,0.5666666666666667
VP019,released,25,0.5666666666666667
VP020,released,-5,0.55
VP020,released,-4,0.5666666666666667
VP020,released,-3,0.45
VP020,released,-2,0.55
VP020,released,-1,0.6
VP020,released,0,0.43333333333333335
VP020,released,1,0.55
VP020,released,2,0.6166666666666667
VP020,released,3,0.7166666666666667
VP020,released,4,0.7666666666666667
VP020,released,5,0.8
VP020,released,6,0.7833333333333333
VP020,released,7,0.9
VP020,released,8,0.7833333333333333
VP020,released,9,0.7666666666666667
VP020,released,10,0.8
VP020,released,11,0.85
VP020,released,12,0.75
VP020,released,13,0.7666666666666667
VP020,released,14,0.6666666666666666
VP020,released,15,0.6166666666666667
VP020,released,16,0.6333333333333333
VP020,released,17,0.4666666666666667
VP020,released,18,0.55
VP020,released,19,0.5333333333333333
VP020,released,20,0.5
VP020,released,21,0.35
VP020,released,22,0.4
VP020,released,23,0.4666666666666667
VP020,released,24,0.45
VP020,released,25,0.4666666666666667
VP021,released,-5,0.4666666666666667
VP021,released,-4,0.4
VP021,released,-3,0.45
VP021,released,-2,0.4666666666666667
VP021,released,-1,0.5
VP021,released,0,0.5833333333333334
VP021,released,1,0.55
VP021,released,2,0.5833333333333334
VP021,released,3,0.5666666666666667
VP021,released,4,0.5166666666666667
VP021,released,5,0.5
VP021,released,6,0.5666666666666667
VP021,released,7,0.48333333333333334
VP021,released,8,0.5
VP021,released,9,0.6
VP021,released,10,0.4666666666666667
VP021,released,11,0.48333333333333334
VP021,released,12,0.5
VP021,released,13,0.5
VP021,released,14,0.5333333333333333
VP021,released,15,0.6
VP021,released,16,0.55
VP021,released,17,0.5666666666666667
VP021,released,18,0.5833333333333334
VP021,released,19,0.6
VP021,released,20,0.5333333333333333
VP021,released,21,0.5166666666666667
VP021,released,22,0.5666666666666667
VP021,released,23,0.45
VP021,released,24,0.5
VP021,released,25,0.5
VP022,released,-5,0.48333333333333334
VP022,released,-4,0.35
VP022,released,-3,0.38333333333333336
VP022,released,-2,0.5
VP022,released,-1,0.5166666666666667
VP022,released,0,0.6833333333333333
VP022,released,1,0.8333333333333334
VP022,released,2,0.8
VP022,released,3,0.9166666666666666
VP022,released,4,0.8833333333333333
VP022,released,5,0.8833333333333333
VP022,released,6,0.9
VP022,released,7,0.9166666666666666
VP022,released,8,0.9666666666666667
VP022,released,9,0.9666666666666667
VP022,released,10,0.95
VP022,released,11,0.9166666666666666
VP022,released,12,0.9333333333333333
VP022,released,13,0.8666666666666667
VP022,released,14,0.8166666666666667
VP022,released,15,0.8166666666666667
VP022,released,16,0.6333333333333333
VP022,released,17,0.7166666666666667
VP022,released,18,0.6166666666666667
VP022,released,19,0.7
VP022,released,20,0.48333333333333334
VP022,released,21,0.5666666666666667
VP022,released,22,0.6333333333333333
VP022,released,23,0.6
VP022,released,24,0.6166666666666667
VP022,released,25,0.45
VP023,released,-5,0.5333333333333333
VP023,released,-4,0.5
VP023,released,-3,0.43333333333333335
VP023,released,-2,0.36666666666666664
VP023,released,-1,0.43333333333333335
VP023,released,0,0.5166666666666667
VP023,released,1,0.5333333333333333
VP023,released,2,0.7166666666666667
VP023,released,3,0.7833333333333333
VP023,released,4,0.85
VP023,released,5,0.8
VP023,released,6,0.85
VP023,released,7,0.8666666666666667
VP023,released,8,0.7333333333333333
VP023,released,9,0.7666666666666667
VP023,released,10,0.8
VP023,released,11,0.8166666666666667
VP023,released,12,0.85
VP023,released,13,0.7666666666666667
VP023,released,14,0.6833333333333333
VP023,released,15,0.6166666666666667
VP023,released,16,0.6333333333333333
VP023,released,17,0.45
VP023,released,18,0.5333333333333333
VP023,released,19,0.5666666666666667
VP023,released,20,0.45
VP023,released,21,0.55
VP023,released,22,0.5333333333333333
VP023,released,23,0.5
VP023,released,24,0.5
VP023,released,25,0.45
VP024,released,-5,0.4666666666666667
VP024,released,-4,0.5333333333333333
VP024,released,-3,0.48333333333333334
VP024,released,-2,0.45
VP024,released,-1,0.4
VP024,released,0,0.4666666666666667
VP024,released,1,0.55
VP024,released,2,0.6833333333333333
VP024,released,3,0.8333333333333334
VP024,released,4,0.8666666666666667
VP024,released,5,0.85
VP024,released,6,0.8166666666666667
VP024,released,7,0.85
VP024,released,8,0.7666666666666667
VP024,released,9,0.7333333333333333
VP024,released,10,0.8166666666666667
VP024,released,11,0.8166666666666667
VP024,released,12,0.75
VP024,released,13,0.6833333333333333
VP024,released,14,0.6166666666666667
VP024,released,15,0.43333333333333335
VP024,released,16,0.43333333333333335
VP024,released,17,0.5833333333333334
VP024,released,18,0.5166666666666667
VP024,released,19,0.6
VP024,released,20,0.75
VP024,released,21,0.7
VP024,released,22,0.6833333333333333
VP024,released,23,0.6833333333333333
VP024,released,24,0.6166666666666667
VP024,released,25,0.7
VP025,released,-5,0.5333333333333333
VP025,released,-4,0.4666666666666667
VP025,released,-3,0.5666666666666667
VP025,released,-2,0.4166666666666667
VP025,released,-1,0.5
VP025,released,0,0.4666666666666667
VP025,released,1,0.45
VP025,released,2,0.5333333333333333
VP025,released,3,0.6
VP025,released,4,0.6166666666666667
VP025,released,5,0.8
VP025,released,6,0.7166666666666667
VP025,released,7,0.8
VP025,released,8,0.75
VP025,released,9,0.6833333333333333
VP025,released,10,0.7166666666666667
VP025,released,11,0.55
VP025,released,12,0.6
VP025,released,13,0.5166666666666667
VP025,released,14,0.5833333333333334
VP025,released,15,0.48333333333333334
VP025,released,16,0.5333333333333333
VP025,released,17,0.6
VP025,released,18,0.6
VP025,released,19,0.5833333333333334
VP025,released,20,0.7
VP025,released,21,0.7666666666666667
VP025,released,22,0.6833333333333333
VP025,released,23,0.65
VP025,released,24,0.6833333333333333
VP025,released,25,0.6166666666666667
VP026,released,-5,0.43333333333333335
VP026,released,-4,0.45
VP026,released,-3,0.5166666666666667
VP026,released,-2,0.5666666666666667
VP026,released,-1,0.6
VP026,released,0,0.6666666666666666
VP026,released,1,0.6666666666666666
VP026,released,2,0.6833333333333333
VP026,released,3,0.7833333333333333
VP026,released,4,0.8166666666666667
VP026,released,5,0.8666666666666667
VP026,released,6,0.8833333333333333
VP026,released,7,0.85
VP026,released,8,0.9333333333333333
VP026,released,9,0.9
VP026,released,10,0.8333333333333334
VP026,released,11,0.7333333333333333
VP026,released,12,0.8333333333333334
VP026,released,13,0.7
VP026,released,14,0.6333333333333333
VP026,released,15,0.6166666666666667
VP026,released,16,0.6666666666666666
VP026,released,17,0.6833333333333333
VP026,released,18,0.65
VP026,released,19,0.6333333333333333
VP026,released,20,0.6166666666666667
VP026,released,21,0.5666666666666667
VP026,released,22,0.5833333333333334
VP026,released,23,0.6333333333333333
VP026,released,24,0.5833333333333334
VP026,released,25,0.6166666666666667
